hpa_total_cost,hpa_sla_violation_rate,hpa_action_churn,hpa_mean_replicas,hpa_replica_std,hpa_replica_min,hpa_replica_max,config_key,config_label,target_utilization,scale_down_stabilization_seconds,cell,cell_label,seed_index,offset,rossi_total_cost,delta_hpa_minus_rossi
177.534,0.00024993751562109475,85.0,4.905273681579605,1.7931733919580282,1.0,8.0,target_40_down_0,"target=40%, down=0s",0.4,0,clean,Clean,0,12003,218.3743,-40.84030000000001
147.87900000000002,0.00024993751562109475,87.0,4.081729567608098,1.7754662874055396,1.0,7.0,target_40_down_0,"target=40%, down=0s",0.4,0,clean,Clean,1,28007,193.74349999999998,-45.864499999999964
164.25900000000001,0.00024993751562109475,109.0,4.53661584603849,1.86369340460341,1.0,8.0,target_40_down_0,"target=40%, down=0s",0.4,0,clean,Clean,2,36009,201.1453,-36.88629999999998
142.83900000000003,0.00024993751562109475,103.0,3.9417645588602848,1.8915505001796618,1.0,7.0,target_40_down_0,"target=40%, down=0s",0.4,0,clean,Clean,3,56014,199.1798,-56.34079999999997
168.624,0.00024993751562109475,117.0,4.657835541114721,2.0861582394191815,1.0,8.0,target_40_down_0,"target=40%, down=0s",0.4,0,clean,Clean,4,60015,216.89069999999998,-48.266699999999986
173.07899999999998,0.00024993751562109475,123.0,4.781554611347163,1.969213099824705,1.0,8.0,target_40_down_0,"target=40%, down=0s",0.4,0,clean,Clean,5,76019,207.0815,-34.002500000000026
198.68400000000003,0.00024993751562109475,109.0,5.492626843289178,1.808090380833586,1.0,9.0,target_40_down_0,"target=40%, down=0s",0.4,0,clean,Clean,6,84021,229.52589999999998,-30.841899999999953
175.10399999999998,0.00024993751562109475,113.0,4.837790552361909,1.937264377622094,1.0,8.0,target_40_down_0,"target=40%, down=0s",0.4,0,clean,Clean,7,96024,222.5847,-47.48070000000001
168.17399999999998,0.00024993751562109475,109.0,4.645338665333667,1.966206347176511,1.0,8.0,target_40_down_0,"target=40%, down=0s",0.4,0,clean,Clean,8,116029,200.50019999999998,-32.3262
163.94400000000002,0.00024993751562109475,101.0,4.527868032991752,1.8259113315089324,1.0,7.0,target_40_down_0,"target=40%, down=0s",0.4,0,clean,Clean,9,120030,198.69279999999998,-34.74879999999996
158.769,0.00024993751562109475,87.0,4.3841539615096226,1.82038742791006,1.0,7.0,target_40_down_0,"target=40%, down=0s",0.4,0,clean,Clean,10,148037,208.0651,-49.296099999999996
172.224,0.00024993751562109475,125.0,4.757810547363159,2.005760164286739,1.0,8.0,target_40_down_0,"target=40%, down=0s",0.4,0,clean,Clean,11,152038,206.97209999999998,-34.748099999999994
163.044,0.0,110.0,4.527868032991752,1.8944361843214035,1.0,8.0,target_40_down_0,"target=40%, down=0s",0.4,0,clean,Clean,12,180045,209.81920000000002,-46.77520000000001
174.789,0.00024993751562109475,127.0,4.829042739315171,1.8891463918660245,1.0,8.0,target_40_down_0,"target=40%, down=0s",0.4,0,clean,Clean,13,184046,223.47009999999997,-48.68109999999999
175.419,0.00024993751562109475,113.0,4.846538365408648,1.8444763798463981,1.0,7.0,target_40_down_0,"target=40%, down=0s",0.4,0,clean,Clean,14,192048,203.9013,-28.48229999999998
170.559,0.00024993751562109475,99.0,4.711572106973256,1.8647839547953722,1.0,8.0,target_40_down_0,"target=40%, down=0s",0.4,0,clean,Clean,15,224056,214.37720000000002,-43.81820000000002
149.454,0.00024993751562109475,101.0,4.125468632841789,1.7491394496651094,1.0,7.0,target_40_down_0,"target=40%, down=0s",0.4,0,clean,Clean,16,240060,192.58999999999997,-43.13599999999997
155.079,0.0,109.0,4.306673331667083,1.5771988037322686,1.0,7.0,target_40_down_0,"target=40%, down=0s",0.4,0,clean,Clean,17,248062,182.12969999999999,-27.050699999999978
163.269,0.00024993751562109475,97.0,4.50912271932017,1.6308937125425438,1.0,8.0,target_40_down_0,"target=40%, down=0s",0.4,0,clean,Clean,18,256064,195.54919999999998,-32.28019999999998
141.489,0.00024993751562109475,99.0,3.9042739315171207,1.6370443642064711,1.0,8.0,target_40_down_0,"target=40%, down=0s",0.4,0,clean,Clean,19,260065,204.02569999999997,-62.53669999999997
165.114,0.00024993751562109475,121.0,4.560359910022495,1.7814670539239108,1.0,7.0,target_40_down_0,"target=40%, down=0s",0.4,0,clean,Clean,20,276069,209.8825,-44.76849999999999
135.729,0.00024993751562109475,85.0,3.74431392151962,1.4374775476520116,1.0,6.0,target_40_down_0,"target=40%, down=0s",0.4,0,clean,Clean,21,348087,169.67329999999998,-33.94429999999997
141.714,0.00024993751562109475,107.0,3.9105223694076483,1.5707879896201462,1.0,7.0,target_40_down_0,"target=40%, down=0s",0.4,0,clean,Clean,22,380095,188.1717,-46.45769999999999
160.43400000000003,0.00024993751562109475,97.0,4.4303924018995255,1.7342041993176647,1.0,8.0,target_40_down_0,"target=40%, down=0s",0.4,0,clean,Clean,23,392098,223.3544,-62.92039999999997
174.024,0.0,112.0,4.8327918020494876,1.8052616670364323,1.0,8.0,target_40_down_0,"target=40%, down=0s",0.4,0,clean,Clean,24,396099,235.05129999999997,-61.02729999999997
159.12900000000002,0.0,78.0,4.419145213696575,1.848829042110431,1.0,7.0,target_40_down_0,"target=40%, down=0s",0.4,0,clean,Clean,25,432108,224.47140000000002,-65.3424
171.99900000000002,0.00024993751562109475,119.0,4.751562109472632,1.6436507497814536,1.0,8.0,target_40_down_0,"target=40%, down=0s",0.4,0,clean,Clean,26,436109,197.60339999999997,-25.60439999999994
170.739,0.00024993751562109475,115.0,4.716570857285679,1.8635395469722955,1.0,8.0,target_40_down_0,"target=40%, down=0s",0.4,0,clean,Clean,27,456114,186.01019999999997,-15.271199999999965
154.44899999999998,0.00024993751562109475,83.0,4.264183954011497,1.8858818236011803,1.0,7.0,target_40_down_0,"target=40%, down=0s",0.4,0,clean,Clean,28,492123,193.3589,-38.90990000000002
121.32900000000001,0.00024993751562109475,87.0,3.3444138965258685,1.4955902564182024,1.0,6.0,target_40_down_0,"target=40%, down=0s",0.4,0,clean,Clean,29,512128,166.4776,-45.14859999999999
176.454,0.00024993751562109475,91.0,4.875281179705074,1.7575321042285,1.0,8.0,target_40_down_0,"target=40%, down=0s",0.4,0,p1,P1 lag k=10,0,12003,150.3218,26.13220000000001
149.364,0.00024993751562109475,87.0,4.122969257685579,1.8344027700927465,1.0,8.0,target_40_down_0,"target=40%, down=0s",0.4,0,p1,P1 lag k=10,1,28007,147.01839999999999,2.345600000000019
164.304,0.00024993751562109475,113.0,4.537865533616596,1.8903002497369914,1.0,8.0,target_40_down_0,"target=40%, down=0s",0.4,0,p1,P1 lag k=10,2,36009,139.5478,24.756200000000007
142.704,0.00024993751562109475,105.0,3.9380154961259684,1.9003300100832499,1.0,8.0,target_40_down_0,"target=40%, down=0s",0.4,0,p1,P1 lag k=10,3,56014,140.99259999999998,1.711400000000026
167.409,0.00024993751562109475,95.0,4.624093976505874,2.054045899931755,1.0,9.0,target_40_down_0,"target=40%, down=0s",0.4,0,p1,P1 lag k=10,4,60015,154.8906,12.518399999999986
174.29399999999998,0.00024993751562109475,99.0,4.815296175956011,1.9506856935034824,1.0,8.0,target_40_down_0,"target=40%, down=0s",0.4,0,p1,P1 lag k=10,5,76019,150.1882,24.105799999999988
202.734,0.00024993751562109475,117.0,5.60509872531867,1.782055012193578,1.0,9.0,target_40_down_0,"target=40%, down=0s",0.4,0,p1,P1 lag k=10,6,84021,165.3539,37.3801
175.779,0.00024993751562109475,105.0,4.856535866033491,1.9646750137868494,1.0,8.0,target_40_down_0,"target=40%, down=0s",0.4,0,p1,P1 lag k=10,7,96024,158.91369999999998,16.86530000000002
170.60399999999998,0.00024993751562109475,107.0,4.712821794551362,1.9960616210393238,1.0,8.0,target_40_down_0,"target=40%, down=0s",0.4,0,p1,P1 lag k=10,8,116029,159.9548,10.64919999999998
162.999,0.00024993751562109475,93.0,4.501624593851537,1.8220126035659312,1.0,8.0,target_40_down_0,"target=40%, down=0s",0.4,0,p1,P1 lag k=10,9,120030,150.09120000000001,12.90779999999998
159.44400000000002,0.00024993751562109475,87.0,4.402899275181205,1.8520998956849155,1.0,7.0,target_40_down_0,"target=40%, down=0s",0.4,0,p1,P1 lag k=10,10,148037,144.62689999999998,14.817100000000039
169.659,0.00024993751562109475,99.0,4.6865783554111475,1.935795828089673,1.0,7.0,target_40_down_0,"target=40%, down=0s",0.4,0,p1,P1 lag k=10,11,152038,168.8005,0.8584999999999923
162.90900000000002,0.0,100.0,4.524118970257436,1.912215073735296,1.0,8.0,target_40_down_0,"target=40%, down=0s",0.4,0,p1,P1 lag k=10,12,180045,172.0389,-9.129899999999992
176.139,0.00024993751562109475,127.0,4.866533366658335,1.8921646684857323,1.0,8.0,target_40_down_0,"target=40%, down=0s",0.4,0,p1,P1 lag k=10,13,184046,160.5702,15.56880000000001
174.744,0.00024993751562109475,101.0,4.827793051737066,1.8519530017474901,1.0,7.0,target_40_down_0,"target=40%, down=0s",0.4,0,p1,P1 lag k=10,14,192048,172.60879999999997,2.135200000000026
170.559,0.00024993751562109475,99.0,4.711572106973256,1.906536082245379,1.0,8.0,target_40_down_0,"target=40%, down=0s",0.4,0,p1,P1 lag k=10,15,224056,162.52759999999998,8.03140000000002
148.50900000000001,0.00024993751562109475,99.0,4.0992251937015745,1.751894578983322,1.0,7.0,target_40_down_0,"target=40%, down=0s",0.4,0,p1,P1 lag k=10,16,240060,147.40159999999997,1.107400000000041
153.00900000000001,0.0,97.0,4.249187703074232,1.5006921555643264,1.0,7.0,target_40_down_0,"target=40%, down=0s",0.4,0,p1,P1 lag k=10,17,248062,141.0806,11.92840000000001
162.59400000000002,0.00024993751562109475,105.0,4.490377405648588,1.5889740944587964,1.0,7.0,target_40_down_0,"target=40%, down=0s",0.4,0,p1,P1 lag k=10,18,256064,140.1241,22.469900000000024
142.56900000000002,0.00024993751562109475,121.0,3.934266433391652,1.6430925353508152,1.0,8.0,target_40_down_0,"target=40%, down=0s",0.4,0,p1,P1 lag k=10,19,260065,151.7956,-9.22659999999999
166.059,0.00024993751562109475,105.0,4.58660334916271,1.7845907916957682,1.0,7.0,target_40_down_0,"target=40%, down=0s",0.4,0,p1,P1 lag k=10,20,276069,142.89600000000002,23.162999999999982
134.784,0.00024993751562109475,79.0,3.7180704823794053,1.4827158407681749,1.0,6.0,target_40_down_0,"target=40%, down=0s",0.4,0,p1,P1 lag k=10,21,348087,113.0954,21.688599999999994
142.659,0.00024993751562109475,109.0,3.936765808547863,1.5297599145099998,1.0,7.0,target_40_down_0,"target=40%, down=0s",0.4,0,p1,P1 lag k=10,22,380095,131.6652,10.993799999999993
160.704,0.00024993751562109475,91.0,4.437890527368158,1.8002482399884054,1.0,7.0,target_40_down_0,"target=40%, down=0s",0.4,0,p1,P1 lag k=10,23,392098,162.4286,-1.724599999999981
176.31900000000002,0.0,120.0,4.8965258685328665,1.8193303539101928,1.0,8.0,target_40_down_0,"target=40%, down=0s",0.4,0,p1,P1 lag k=10,24,396099,177.0731,-0.754099999999994
160.88400000000001,0.0,88.0,4.46788302924269,1.8844476529145822,1.0,8.0,target_40_down_0,"target=40%, down=0s",0.4,0,p1,P1 lag k=10,25,432108,160.6234,0.2606000000000108
171.18900000000002,0.00024993751562109475,95.0,4.729067733066733,1.637805468904226,1.0,7.0,target_40_down_0,"target=40%, down=0s",0.4,0,p1,P1 lag k=10,26,436109,137.53480000000002,33.6542
170.199,0.00024993751562109475,107.0,4.701574606348413,1.8611969284558199,1.0,8.0,target_40_down_0,"target=40%, down=0s",0.4,0,p1,P1 lag k=10,27,456114,144.30899999999997,25.890000000000043
153.234,0.00024993751562109475,85.0,4.23044238940265,1.8532469878953408,1.0,8.0,target_40_down_0,"target=40%, down=0s",0.4,0,p1,P1 lag k=10,28,492123,144.2144,9.019599999999997
122.139,0.00024993751562109475,65.0,3.366908272931767,1.5348471340504288,1.0,6.0,target_40_down_0,"target=40%, down=0s",0.4,0,p1,P1 lag k=10,29,512128,125.5334,-3.3944000000000045
177.534,0.00024993751562109475,85.0,4.905273681579605,1.7931733919580282,1.0,8.0,target_40_down_0,"target=40%, down=0s",0.4,0,p2,P2 tail alpha=1.5,0,12003,242.7613,-65.22730000000001
147.87900000000002,0.00024993751562109475,87.0,4.081729567608098,1.7754662874055396,1.0,7.0,target_40_down_0,"target=40%, down=0s",0.4,0,p2,P2 tail alpha=1.5,1,28007,209.0171,-61.13809999999998
164.25900000000001,0.00024993751562109475,109.0,4.53661584603849,1.86369340460341,1.0,8.0,target_40_down_0,"target=40%, down=0s",0.4,0,p2,P2 tail alpha=1.5,2,36009,260.9325,-96.67349999999999
142.83900000000003,0.00024993751562109475,103.0,3.9417645588602848,1.8915505001796618,1.0,7.0,target_40_down_0,"target=40%, down=0s",0.4,0,p2,P2 tail alpha=1.5,3,56014,233.107,-90.26799999999997
168.624,0.00024993751562109475,117.0,4.657835541114721,2.0861582394191815,1.0,8.0,target_40_down_0,"target=40%, down=0s",0.4,0,p2,P2 tail alpha=1.5,4,60015,222.0885,-53.464500000000015
173.07899999999998,0.00024993751562109475,123.0,4.781554611347163,1.969213099824705,1.0,8.0,target_40_down_0,"target=40%, down=0s",0.4,0,p2,P2 tail alpha=1.5,5,76019,236.48680000000002,-63.40780000000004
198.68400000000003,0.00024993751562109475,109.0,5.492626843289178,1.808090380833586,1.0,9.0,target_40_down_0,"target=40%, down=0s",0.4,0,p2,P2 tail alpha=1.5,6,84021,241.2127,-42.528699999999986
175.10399999999998,0.00024993751562109475,113.0,4.837790552361909,1.937264377622094,1.0,8.0,target_40_down_0,"target=40%, down=0s",0.4,0,p2,P2 tail alpha=1.5,7,96024,236.279,-61.17500000000001
168.17399999999998,0.00024993751562109475,109.0,4.645338665333667,1.966206347176511,1.0,8.0,target_40_down_0,"target=40%, down=0s",0.4,0,p2,P2 tail alpha=1.5,8,116029,233.46280000000002,-65.28880000000004
163.94400000000002,0.00024993751562109475,101.0,4.527868032991752,1.8259113315089324,1.0,7.0,target_40_down_0,"target=40%, down=0s",0.4,0,p2,P2 tail alpha=1.5,9,120030,227.5058,-63.56179999999998
158.769,0.00024993751562109475,87.0,4.3841539615096226,1.82038742791006,1.0,7.0,target_40_down_0,"target=40%, down=0s",0.4,0,p2,P2 tail alpha=1.5,10,148037,202.27280000000002,-43.50380000000001
172.224,0.00024993751562109475,125.0,4.757810547363159,2.005760164286739,1.0,8.0,target_40_down_0,"target=40%, down=0s",0.4,0,p2,P2 tail alpha=1.5,11,152038,228.8056,-56.58160000000001
163.044,0.0,110.0,4.527868032991752,1.8944361843214035,1.0,8.0,target_40_down_0,"target=40%, down=0s",0.4,0,p2,P2 tail alpha=1.5,12,180045,250.4106,-87.36659999999998
174.789,0.00024993751562109475,127.0,4.829042739315171,1.8891463918660245,1.0,8.0,target_40_down_0,"target=40%, down=0s",0.4,0,p2,P2 tail alpha=1.5,13,184046,209.8829,-35.09390000000002
175.419,0.00024993751562109475,113.0,4.846538365408648,1.8444763798463981,1.0,7.0,target_40_down_0,"target=40%, down=0s",0.4,0,p2,P2 tail alpha=1.5,14,192048,210.01300000000003,-34.59400000000002
170.559,0.00024993751562109475,99.0,4.711572106973256,1.8647839547953722,1.0,8.0,target_40_down_0,"target=40%, down=0s",0.4,0,p2,P2 tail alpha=1.5,15,224056,259.8589,-89.29990000000001
149.454,0.00024993751562109475,101.0,4.125468632841789,1.7491394496651094,1.0,7.0,target_40_down_0,"target=40%, down=0s",0.4,0,p2,P2 tail alpha=1.5,16,240060,221.0752,-71.62119999999999
155.079,0.0,109.0,4.306673331667083,1.5771988037322686,1.0,7.0,target_40_down_0,"target=40%, down=0s",0.4,0,p2,P2 tail alpha=1.5,17,248062,245.59840000000003,-90.51940000000002
163.269,0.00024993751562109475,97.0,4.50912271932017,1.6308937125425438,1.0,8.0,target_40_down_0,"target=40%, down=0s",0.4,0,p2,P2 tail alpha=1.5,18,256064,215.09799999999998,-51.82899999999998
141.489,0.00024993751562109475,99.0,3.9042739315171207,1.6370443642064711,1.0,8.0,target_40_down_0,"target=40%, down=0s",0.4,0,p2,P2 tail alpha=1.5,19,260065,210.40509999999998,-68.91609999999997
165.114,0.00024993751562109475,121.0,4.560359910022495,1.7814670539239108,1.0,7.0,target_40_down_0,"target=40%, down=0s",0.4,0,p2,P2 tail alpha=1.5,20,276069,235.3126,-70.1986
135.729,0.00024993751562109475,85.0,3.74431392151962,1.4374775476520116,1.0,6.0,target_40_down_0,"target=40%, down=0s",0.4,0,p2,P2 tail alpha=1.5,21,348087,196.62009999999998,-60.891099999999966
141.714,0.00024993751562109475,107.0,3.9105223694076483,1.5707879896201462,1.0,7.0,target_40_down_0,"target=40%, down=0s",0.4,0,p2,P2 tail alpha=1.5,22,380095,173.05129999999997,-31.33729999999997
160.43400000000003,0.00024993751562109475,97.0,4.4303924018995255,1.7342041993176647,1.0,8.0,target_40_down_0,"target=40%, down=0s",0.4,0,p2,P2 tail alpha=1.5,23,392098,225.1208,-64.68679999999998
174.024,0.0,112.0,4.8327918020494876,1.8052616670364323,1.0,8.0,target_40_down_0,"target=40%, down=0s",0.4,0,p2,P2 tail alpha=1.5,24,396099,275.64919999999995,-101.62519999999995
159.12900000000002,0.0,78.0,4.419145213696575,1.848829042110431,1.0,7.0,target_40_down_0,"target=40%, down=0s",0.4,0,p2,P2 tail alpha=1.5,25,432108,245.8986,-86.76959999999997
171.99900000000002,0.00024993751562109475,119.0,4.751562109472632,1.6436507497814536,1.0,8.0,target_40_down_0,"target=40%, down=0s",0.4,0,p2,P2 tail alpha=1.5,26,436109,222.99669999999998,-50.99769999999995
170.739,0.00024993751562109475,115.0,4.716570857285679,1.8635395469722955,1.0,8.0,target_40_down_0,"target=40%, down=0s",0.4,0,p2,P2 tail alpha=1.5,27,456114,210.7807,-40.04169999999999
154.44899999999998,0.00024993751562109475,83.0,4.264183954011497,1.8858818236011803,1.0,7.0,target_40_down_0,"target=40%, down=0s",0.4,0,p2,P2 tail alpha=1.5,28,492123,214.9373,-60.48830000000001
121.32900000000001,0.00024993751562109475,87.0,3.3444138965258685,1.4955902564182024,1.0,6.0,target_40_down_0,"target=40%, down=0s",0.4,0,p2,P2 tail alpha=1.5,29,512128,152.7912,-31.462199999999996
177.534,0.00024993751562109475,85.0,4.905273681579605,1.7931733919580282,1.0,8.0,target_40_down_0,"target=40%, down=0s",0.4,0,p3,P3 bucket-flip epsilon=0.05,0,12003,200.841,-23.307000000000016
147.87900000000002,0.00024993751562109475,87.0,4.081729567608098,1.7754662874055396,1.0,7.0,target_40_down_0,"target=40%, down=0s",0.4,0,p3,P3 bucket-flip epsilon=0.05,1,28007,198.86919999999998,-50.99019999999996
164.25900000000001,0.00024993751562109475,109.0,4.53661584603849,1.86369340460341,1.0,8.0,target_40_down_0,"target=40%, down=0s",0.4,0,p3,P3 bucket-flip epsilon=0.05,2,36009,214.29749999999996,-50.03849999999994
142.83900000000003,0.00024993751562109475,103.0,3.9417645588602848,1.8915505001796618,1.0,7.0,target_40_down_0,"target=40%, down=0s",0.4,0,p3,P3 bucket-flip epsilon=0.05,3,56014,190.3555,-47.51649999999998
168.624,0.00024993751562109475,117.0,4.657835541114721,2.0861582394191815,1.0,8.0,target_40_down_0,"target=40%, down=0s",0.4,0,p3,P3 bucket-flip epsilon=0.05,4,60015,202.20189999999997,-33.57789999999997
173.07899999999998,0.00024993751562109475,123.0,4.781554611347163,1.969213099824705,1.0,8.0,target_40_down_0,"target=40%, down=0s",0.4,0,p3,P3 bucket-flip epsilon=0.05,5,76019,214.41939999999997,-41.34039999999999
198.68400000000003,0.00024993751562109475,109.0,5.492626843289178,1.808090380833586,1.0,9.0,target_40_down_0,"target=40%, down=0s",0.4,0,p3,P3 bucket-flip epsilon=0.05,6,84021,237.90949999999998,-39.225499999999954
175.10399999999998,0.00024993751562109475,113.0,4.837790552361909,1.937264377622094,1.0,8.0,target_40_down_0,"target=40%, down=0s",0.4,0,p3,P3 bucket-flip epsilon=0.05,7,96024,220.6605,-45.55650000000003
168.17399999999998,0.00024993751562109475,109.0,4.645338665333667,1.966206347176511,1.0,8.0,target_40_down_0,"target=40%, down=0s",0.4,0,p3,P3 bucket-flip epsilon=0.05,8,116029,217.18059999999997,-49.00659999999999
163.94400000000002,0.00024993751562109475,101.0,4.527868032991752,1.8259113315089324,1.0,7.0,target_40_down_0,"target=40%, down=0s",0.4,0,p3,P3 bucket-flip epsilon=0.05,9,120030,222.3455,-58.40149999999997
158.769,0.00024993751562109475,87.0,4.3841539615096226,1.82038742791006,1.0,7.0,target_40_down_0,"target=40%, down=0s",0.4,0,p3,P3 bucket-flip epsilon=0.05,10,148037,209.62449999999998,-50.85549999999998
172.224,0.00024993751562109475,125.0,4.757810547363159,2.005760164286739,1.0,8.0,target_40_down_0,"target=40%, down=0s",0.4,0,p3,P3 bucket-flip epsilon=0.05,11,152038,233.73909999999995,-61.51509999999996
163.044,0.0,110.0,4.527868032991752,1.8944361843214035,1.0,8.0,target_40_down_0,"target=40%, down=0s",0.4,0,p3,P3 bucket-flip epsilon=0.05,12,180045,220.19819999999999,-57.154199999999975
174.789,0.00024993751562109475,127.0,4.829042739315171,1.8891463918660245,1.0,8.0,target_40_down_0,"target=40%, down=0s",0.4,0,p3,P3 bucket-flip epsilon=0.05,13,184046,210.76399999999995,-35.974999999999966
175.419,0.00024993751562109475,113.0,4.846538365408648,1.8444763798463981,1.0,7.0,target_40_down_0,"target=40%, down=0s",0.4,0,p3,P3 bucket-flip epsilon=0.05,14,192048,225.31569999999996,-49.89669999999995
170.559,0.00024993751562109475,99.0,4.711572106973256,1.8647839547953722,1.0,8.0,target_40_down_0,"target=40%, down=0s",0.4,0,p3,P3 bucket-flip epsilon=0.05,15,224056,224.80619999999996,-54.247199999999964
149.454,0.00024993751562109475,101.0,4.125468632841789,1.7491394496651094,1.0,7.0,target_40_down_0,"target=40%, down=0s",0.4,0,p3,P3 bucket-flip epsilon=0.05,16,240060,194.10769999999997,-44.65369999999996
155.079,0.0,109.0,4.306673331667083,1.5771988037322686,1.0,7.0,target_40_down_0,"target=40%, down=0s",0.4,0,p3,P3 bucket-flip epsilon=0.05,17,248062,185.038,-29.959000000000003
163.269,0.00024993751562109475,97.0,4.50912271932017,1.6308937125425438,1.0,8.0,target_40_down_0,"target=40%, down=0s",0.4,0,p3,P3 bucket-flip epsilon=0.05,18,256064,220.04359999999997,-56.774599999999964
141.489,0.00024993751562109475,99.0,3.9042739315171207,1.6370443642064711,1.0,8.0,target_40_down_0,"target=40%, down=0s",0.4,0,p3,P3 bucket-flip epsilon=0.05,19,260065,187.67849999999999,-46.18949999999998
165.114,0.00024993751562109475,121.0,4.560359910022495,1.7814670539239108,1.0,7.0,target_40_down_0,"target=40%, down=0s",0.4,0,p3,P3 bucket-flip epsilon=0.05,20,276069,212.84449999999998,-47.73049999999998
135.729,0.00024993751562109475,85.0,3.74431392151962,1.4374775476520116,1.0,6.0,target_40_down_0,"target=40%, down=0s",0.4,0,p3,P3 bucket-flip epsilon=0.05,21,348087,177.72899999999998,-41.99999999999997
141.714,0.00024993751562109475,107.0,3.9105223694076483,1.5707879896201462,1.0,7.0,target_40_down_0,"target=40%, down=0s",0.4,0,p3,P3 bucket-flip epsilon=0.05,22,380095,187.8707,-46.1567
160.43400000000003,0.00024993751562109475,97.0,4.4303924018995255,1.7342041993176647,1.0,8.0,target_40_down_0,"target=40%, down=0s",0.4,0,p3,P3 bucket-flip epsilon=0.05,23,392098,210.4859,-50.05189999999996
174.024,0.0,112.0,4.8327918020494876,1.8052616670364323,1.0,8.0,target_40_down_0,"target=40%, down=0s",0.4,0,p3,P3 bucket-flip epsilon=0.05,24,396099,237.5504,-63.526399999999995
159.12900000000002,0.0,78.0,4.419145213696575,1.848829042110431,1.0,7.0,target_40_down_0,"target=40%, down=0s",0.4,0,p3,P3 bucket-flip epsilon=0.05,25,432108,243.09390000000002,-83.9649
171.99900000000002,0.00024993751562109475,119.0,4.751562109472632,1.6436507497814536,1.0,8.0,target_40_down_0,"target=40%, down=0s",0.4,0,p3,P3 bucket-flip epsilon=0.05,26,436109,202.13129999999998,-30.132299999999958
170.739,0.00024993751562109475,115.0,4.716570857285679,1.8635395469722955,1.0,8.0,target_40_down_0,"target=40%, down=0s",0.4,0,p3,P3 bucket-flip epsilon=0.05,27,456114,214.68049999999997,-43.94149999999996
154.44899999999998,0.00024993751562109475,83.0,4.264183954011497,1.8858818236011803,1.0,7.0,target_40_down_0,"target=40%, down=0s",0.4,0,p3,P3 bucket-flip epsilon=0.05,28,492123,203.618,-49.16900000000001
121.32900000000001,0.00024993751562109475,87.0,3.3444138965258685,1.4955902564182024,1.0,6.0,target_40_down_0,"target=40%, down=0s",0.4,0,p3,P3 bucket-flip epsilon=0.05,29,512128,158.1235,-36.7945
231.66899999999998,0.00024993751562109475,45.0,6.40864783804049,1.199523022842983,1.0,8.0,target_40_down_300,"target=40%, down=300s",0.4,300,clean,Clean,0,12003,218.3743,13.294699999999978
194.18400000000003,0.00024993751562109475,43.0,5.36765808547863,1.2040271254151833,1.0,7.0,target_40_down_300,"target=40%, down=300s",0.4,300,clean,Clean,1,28007,193.74349999999998,0.44050000000004275
219.339,0.00024993751562109475,53.0,6.06623344163959,1.3365685282220732,1.0,8.0,target_40_down_300,"target=40%, down=300s",0.4,300,clean,Clean,2,36009,201.1453,18.193700000000007
183.834,0.00024993751562109475,47.0,5.0802299425143715,1.5209317009003134,1.0,7.0,target_40_down_300,"target=40%, down=300s",0.4,300,clean,Clean,3,56014,199.1798,-15.345799999999997
230.229,0.00024993751562109475,55.0,6.368657835541114,1.4490626202910737,1.0,8.0,target_40_down_300,"target=40%, down=300s",0.4,300,clean,Clean,4,60015,216.89069999999998,13.338300000000032
236.88899999999998,0.00024993751562109475,53.0,6.5536115971007245,1.3329453823234503,1.0,8.0,target_40_down_300,"target=40%, down=300s",0.4,300,clean,Clean,5,76019,207.0815,29.807499999999976
244.08899999999997,0.00024993751562109475,39.0,6.7535616095976,1.2012044845538916,1.0,9.0,target_40_down_300,"target=40%, down=300s",0.4,300,clean,Clean,6,84021,229.52589999999998,14.563099999999991
228.519,0.00024993751562109475,47.0,6.321169707573107,1.415123170626899,1.0,8.0,target_40_down_300,"target=40%, down=300s",0.4,300,clean,Clean,7,96024,222.5847,5.9343000000000075
218.25900000000001,0.00024993751562109475,47.0,6.036240939765059,1.5505918812305133,1.0,8.0,target_40_down_300,"target=40%, down=300s",0.4,300,clean,Clean,8,116029,200.50019999999998,17.758800000000036
220.779,0.00024993751562109475,45.0,6.106223444138966,1.0941501121616035,1.0,7.0,target_40_down_300,"target=40%, down=300s",0.4,300,clean,Clean,9,120030,198.69279999999998,22.08620000000002
213.264,0.00024993751562109475,53.0,5.897525618595351,1.1870737508190268,1.0,7.0,target_40_down_300,"target=40%, down=300s",0.4,300,clean,Clean,10,148037,208.0651,5.198900000000009
230.22899999999998,0.00024993751562109475,47.0,6.368657835541114,1.1390711357861363,1.0,8.0,target_40_down_300,"target=40%, down=300s",0.4,300,clean,Clean,11,152038,206.97209999999998,23.2569
205.704,0.0,48.0,5.712571857035741,1.476251868416438,1.0,7.0,target_40_down_300,"target=40%, down=300s",0.4,300,clean,Clean,12,180045,209.81920000000002,-4.115200000000016
234.729,0.00024993751562109475,43.0,6.493626593351662,1.2347634224236148,1.0,8.0,target_40_down_300,"target=40%, down=300s",0.4,300,clean,Clean,13,184046,223.47009999999997,11.25890000000004
227.16899999999998,0.00024993751562109475,39.0,6.283679080229943,0.9876802027675856,1.0,7.0,target_40_down_300,"target=40%, down=300s",0.4,300,clean,Clean,14,192048,203.9013,23.26769999999999
230.094,0.00024993751562109475,49.0,6.364908772806798,1.3215035773690773,1.0,8.0,target_40_down_300,"target=40%, down=300s",0.4,300,clean,Clean,15,224056,214.37720000000002,15.716799999999978
211.86899999999997,0.00024993751562109475,55.0,5.858785303674082,1.3540107414167717,1.0,8.0,target_40_down_300,"target=40%, down=300s",0.4,300,clean,Clean,16,240060,192.58999999999997,19.278999999999996
198.99900000000002,0.0,43.0,5.526368407898025,1.1614774107995987,1.0,7.0,target_40_down_300,"target=40%, down=300s",0.4,300,clean,Clean,17,248062,182.12969999999999,16.869300000000038
209.664,0.00024993751562109475,47.0,5.797550612346913,1.2732237526527574,1.0,8.0,target_40_down_300,"target=40%, down=300s",0.4,300,clean,Clean,18,256064,195.54919999999998,14.114800000000002
193.734,0.00024993751562109475,51.0,5.355161209697576,1.2673505576185156,1.0,8.0,target_40_down_300,"target=40%, down=300s",0.4,300,clean,Clean,19,260065,204.02569999999997,-10.291699999999963
222.039,0.00024993751562109475,49.0,6.141214696325918,1.3419587217352305,1.0,8.0,target_40_down_300,"target=40%, down=300s",0.4,300,clean,Clean,20,276069,209.8825,12.156499999999994
171.77400000000006,0.00024993751562109475,35.0,4.745313671582104,1.0344569263881425,1.0,6.0,target_40_down_300,"target=40%, down=300s",0.4,300,clean,Clean,21,348087,169.67329999999998,2.1007000000000744
196.47899999999998,0.00024993751562109475,49.0,5.43139215196201,1.1521815854399584,1.0,7.0,target_40_down_300,"target=40%, down=300s",0.4,300,clean,Clean,22,380095,188.1717,8.307299999999998
214.43400000000003,0.00024993751562109475,41.0,5.930017495626093,1.1455449167993044,1.0,8.0,target_40_down_300,"target=40%, down=300s",0.4,300,clean,Clean,23,392098,223.3544,-8.920399999999972
216.50400000000002,0.0,36.0,6.012496875781054,1.5088984708733342,1.0,8.0,target_40_down_300,"target=40%, down=300s",0.4,300,clean,Clean,24,396099,235.05129999999997,-18.54729999999995
201.24900000000002,0.0,46.0,5.588852786803299,1.4112646072317376,1.0,7.0,target_40_down_300,"target=40%, down=300s",0.4,300,clean,Clean,25,432108,224.47140000000002,-23.222399999999993
229.86899999999997,0.00024993751562109475,41.0,6.358660334916271,1.0699506559871002,1.0,8.0,target_40_down_300,"target=40%, down=300s",0.4,300,clean,Clean,26,436109,197.60339999999997,32.265600000000006
235.674,0.00024993751562109475,49.0,6.519870032491877,1.3169031948469387,1.0,8.0,target_40_down_300,"target=40%, down=300s",0.4,300,clean,Clean,27,456114,186.01019999999997,49.66380000000004
203.274,0.00024993751562109475,41.0,5.6200949762559365,1.1780446272070226,1.0,7.0,target_40_down_300,"target=40%, down=300s",0.4,300,clean,Clean,28,492123,193.3589,9.915099999999995
160.34400000000002,0.00024993751562109475,43.0,4.427893026743314,1.087458570713435,1.0,6.0,target_40_down_300,"target=40%, down=300s",0.4,300,clean,Clean,29,512128,166.4776,-6.133599999999973
231.399,0.00024993751562109475,41.0,6.401149712571857,1.2206212347738536,1.0,8.0,target_40_down_300,"target=40%, down=300s",0.4,300,p1,P1 lag k=10,0,12003,150.3218,81.0772
199.449,0.00024993751562109475,51.0,5.513871532116971,1.4006711115037773,1.0,8.0,target_40_down_300,"target=40%, down=300s",0.4,300,p1,P1 lag k=10,1,28007,147.01839999999999,52.43060000000003
217.764,0.00024993751562109475,49.0,6.0224943764058985,1.395172838654207,1.0,8.0,target_40_down_300,"target=40%, down=300s",0.4,300,p1,P1 lag k=10,2,36009,139.5478,78.21620000000001
186.26399999999998,0.00024993751562109475,51.0,5.147713071732067,1.6164071889847051,1.0,7.0,target_40_down_300,"target=40%, down=300s",0.4,300,p1,P1 lag k=10,3,56014,140.99259999999998,45.2714
222.174,0.00024993751562109475,53.0,6.144963759060235,1.2888231021707728,1.0,8.0,target_40_down_300,"target=40%, down=300s",0.4,300,p1,P1 lag k=10,4,60015,154.8906,67.2834
227.39399999999998,0.00024993751562109475,45.0,6.28992751812047,1.2591761745623278,1.0,8.0,target_40_down_300,"target=40%, down=300s",0.4,300,p1,P1 lag k=10,5,76019,150.1882,77.20579999999998
248.139,0.00024993751562109475,37.0,6.8660334916270935,1.1327963987221141,1.0,8.0,target_40_down_300,"target=40%, down=300s",0.4,300,p1,P1 lag k=10,6,84021,165.3539,82.7851
228.249,0.00024993751562109475,47.0,6.313671582104474,1.3927851874822996,1.0,8.0,target_40_down_300,"target=40%, down=300s",0.4,300,p1,P1 lag k=10,7,96024,158.91369999999998,69.33530000000002
221.49899999999997,0.00024993751562109475,53.0,6.126218445388653,1.4482025406068129,1.0,8.0,target_40_down_300,"target=40%, down=300s",0.4,300,p1,P1 lag k=10,8,116029,159.9548,61.54419999999996
217.13400000000001,0.00024993751562109475,43.0,6.004998750312422,1.2716409629151606,1.0,8.0,target_40_down_300,"target=40%, down=300s",0.4,300,p1,P1 lag k=10,9,120030,150.09120000000001,67.0428
210.699,0.00024993751562109475,47.0,5.826293426643339,1.1150146494383673,1.0,7.0,target_40_down_300,"target=40%, down=300s",0.4,300,p1,P1 lag k=10,10,148037,144.62689999999998,66.07210000000003
230.67899999999997,0.00024993751562109475,53.0,6.38115471132217,1.1981551954318512,1.0,8.0,target_40_down_300,"target=40%, down=300s",0.4,300,p1,P1 lag k=10,11,152038,168.8005,61.878499999999974
215.28900000000002,0.0,46.0,5.978755311172207,1.7255590867373838,1.0,8.0,target_40_down_300,"target=40%, down=300s",0.4,300,p1,P1 lag k=10,12,180045,172.0389,43.2501
236.889,0.00024993751562109475,49.0,6.5536115971007245,1.2517171721821545,1.0,8.0,target_40_down_300,"target=40%, down=300s",0.4,300,p1,P1 lag k=10,13,184046,160.5702,76.31880000000001
223.92899999999997,0.00024993751562109475,39.0,6.193701574606348,0.9478901286520611,1.0,7.0,target_40_down_300,"target=40%, down=300s",0.4,300,p1,P1 lag k=10,14,192048,172.60879999999997,51.3202
225.63899999999998,0.00024993751562109475,47.0,6.241189702574356,1.2319430032932108,1.0,8.0,target_40_down_300,"target=40%, down=300s",0.4,300,p1,P1 lag k=10,15,224056,162.52759999999998,63.1114
198.14400000000003,0.00024993751562109475,41.0,5.477630592351912,1.0603211373330748,1.0,7.0,target_40_down_300,"target=40%, down=300s",0.4,300,p1,P1 lag k=10,16,240060,147.40159999999997,50.74240000000006
195.219,0.0,41.0,5.421394651337166,1.165565321563608,1.0,7.0,target_40_down_300,"target=40%, down=300s",0.4,300,p1,P1 lag k=10,17,248062,141.0806,54.13839999999999
213.84899999999996,0.00024993751562109475,45.0,5.9137715571107226,1.1909904207235404,1.0,7.0,target_40_down_300,"target=40%, down=300s",0.4,300,p1,P1 lag k=10,18,256064,140.1241,73.72489999999996
195.84900000000002,0.00024993751562109475,51.0,5.413896525868533,1.260852648385287,1.0,8.0,target_40_down_300,"target=40%, down=300s",0.4,300,p1,P1 lag k=10,19,260065,151.7956,44.05340000000001
216.68399999999997,0.00024993751562109475,45.0,5.992501874531367,1.2204799757538758,1.0,7.0,target_40_down_300,"target=40%, down=300s",0.4,300,p1,P1 lag k=10,20,276069,142.89600000000002,73.78799999999995
175.14900000000003,0.00024993751562109475,35.0,4.839040239940015,1.0725194190103524,1.0,6.0,target_40_down_300,"target=40%, down=300s",0.4,300,p1,P1 lag k=10,21,348087,113.0954,62.05360000000003
187.88400000000001,0.00024993751562109475,49.0,5.192701824543864,1.0224213353468459,1.0,7.0,target_40_down_300,"target=40%, down=300s",0.4,300,p1,P1 lag k=10,22,380095,131.6652,56.218800000000016
213.084,0.00024993751562109475,43.0,5.892526868282929,1.1360563288608663,1.0,7.0,target_40_down_300,"target=40%, down=300s",0.4,300,p1,P1 lag k=10,23,392098,162.4286,50.655400000000014
218.799,0.0,38.0,6.076230942264434,1.5107504092180808,1.0,8.0,target_40_down_300,"target=40%, down=300s",0.4,300,p1,P1 lag k=10,24,396099,177.0731,41.725899999999996
202.824,0.0,42.0,5.632591852036991,1.5262356164217847,1.0,8.0,target_40_down_300,"target=40%, down=300s",0.4,300,p1,P1 lag k=10,25,432108,160.6234,42.20060000000001
219.204,0.00024993751562109475,35.0,6.062484378905274,0.8520054272165282,1.0,7.0,target_40_down_300,"target=40%, down=300s",0.4,300,p1,P1 lag k=10,26,436109,137.53480000000002,81.66919999999999
227.30399999999997,0.00024993751562109475,45.0,6.287428142964259,1.1065976094906598,1.0,8.0,target_40_down_300,"target=40%, down=300s",0.4,300,p1,P1 lag k=10,27,456114,144.30899999999997,82.995
202.464,0.00024993751562109475,45.0,5.597600599850037,1.2176467367614279,1.0,7.0,target_40_down_300,"target=40%, down=300s",0.4,300,p1,P1 lag k=10,28,492123,144.2144,58.24959999999999
159.80400000000003,0.00024993751562109475,39.0,4.412896775806049,1.0898058140852427,1.0,6.0,target_40_down_300,"target=40%, down=300s",0.4,300,p1,P1 lag k=10,29,512128,125.5334,34.27060000000003
231.66899999999998,0.00024993751562109475,45.0,6.40864783804049,1.199523022842983,1.0,8.0,target_40_down_300,"target=40%, down=300s",0.4,300,p2,P2 tail alpha=1.5,0,12003,242.7613,-11.092300000000023
194.18400000000003,0.00024993751562109475,43.0,5.36765808547863,1.2040271254151833,1.0,7.0,target_40_down_300,"target=40%, down=300s",0.4,300,p2,P2 tail alpha=1.5,1,28007,209.0171,-14.833099999999973
219.339,0.00024993751562109475,53.0,6.06623344163959,1.3365685282220732,1.0,8.0,target_40_down_300,"target=40%, down=300s",0.4,300,p2,P2 tail alpha=1.5,2,36009,260.9325,-41.593500000000006
183.834,0.00024993751562109475,47.0,5.0802299425143715,1.5209317009003134,1.0,7.0,target_40_down_300,"target=40%, down=300s",0.4,300,p2,P2 tail alpha=1.5,3,56014,233.107,-49.272999999999996
230.229,0.00024993751562109475,55.0,6.368657835541114,1.4490626202910737,1.0,8.0,target_40_down_300,"target=40%, down=300s",0.4,300,p2,P2 tail alpha=1.5,4,60015,222.0885,8.140500000000003
236.88899999999998,0.00024993751562109475,53.0,6.5536115971007245,1.3329453823234503,1.0,8.0,target_40_down_300,"target=40%, down=300s",0.4,300,p2,P2 tail alpha=1.5,5,76019,236.48680000000002,0.40219999999996503
244.08899999999997,0.00024993751562109475,39.0,6.7535616095976,1.2012044845538916,1.0,9.0,target_40_down_300,"target=40%, down=300s",0.4,300,p2,P2 tail alpha=1.5,6,84021,241.2127,2.876299999999958
228.519,0.00024993751562109475,47.0,6.321169707573107,1.415123170626899,1.0,8.0,target_40_down_300,"target=40%, down=300s",0.4,300,p2,P2 tail alpha=1.5,7,96024,236.279,-7.759999999999991
218.25900000000001,0.00024993751562109475,47.0,6.036240939765059,1.5505918812305133,1.0,8.0,target_40_down_300,"target=40%, down=300s",0.4,300,p2,P2 tail alpha=1.5,8,116029,233.46280000000002,-15.203800000000001
220.779,0.00024993751562109475,45.0,6.106223444138966,1.0941501121616035,1.0,7.0,target_40_down_300,"target=40%, down=300s",0.4,300,p2,P2 tail alpha=1.5,9,120030,227.5058,-6.726799999999997
213.264,0.00024993751562109475,53.0,5.897525618595351,1.1870737508190268,1.0,7.0,target_40_down_300,"target=40%, down=300s",0.4,300,p2,P2 tail alpha=1.5,10,148037,202.27280000000002,10.991199999999992
230.22899999999998,0.00024993751562109475,47.0,6.368657835541114,1.1390711357861363,1.0,8.0,target_40_down_300,"target=40%, down=300s",0.4,300,p2,P2 tail alpha=1.5,11,152038,228.8056,1.4233999999999867
205.704,0.0,48.0,5.712571857035741,1.476251868416438,1.0,7.0,target_40_down_300,"target=40%, down=300s",0.4,300,p2,P2 tail alpha=1.5,12,180045,250.4106,-44.70659999999998
234.729,0.00024993751562109475,43.0,6.493626593351662,1.2347634224236148,1.0,8.0,target_40_down_300,"target=40%, down=300s",0.4,300,p2,P2 tail alpha=1.5,13,184046,209.8829,24.846100000000007
227.16899999999998,0.00024993751562109475,39.0,6.283679080229943,0.9876802027675856,1.0,7.0,target_40_down_300,"target=40%, down=300s",0.4,300,p2,P2 tail alpha=1.5,14,192048,210.01300000000003,17.15599999999995
230.094,0.00024993751562109475,49.0,6.364908772806798,1.3215035773690773,1.0,8.0,target_40_down_300,"target=40%, down=300s",0.4,300,p2,P2 tail alpha=1.5,15,224056,259.8589,-29.76490000000001
211.86899999999997,0.00024993751562109475,55.0,5.858785303674082,1.3540107414167717,1.0,8.0,target_40_down_300,"target=40%, down=300s",0.4,300,p2,P2 tail alpha=1.5,16,240060,221.0752,-9.206200000000024
198.99900000000002,0.0,43.0,5.526368407898025,1.1614774107995987,1.0,7.0,target_40_down_300,"target=40%, down=300s",0.4,300,p2,P2 tail alpha=1.5,17,248062,245.59840000000003,-46.5994
209.664,0.00024993751562109475,47.0,5.797550612346913,1.2732237526527574,1.0,8.0,target_40_down_300,"target=40%, down=300s",0.4,300,p2,P2 tail alpha=1.5,18,256064,215.09799999999998,-5.4339999999999975
193.734,0.00024993751562109475,51.0,5.355161209697576,1.2673505576185156,1.0,8.0,target_40_down_300,"target=40%, down=300s",0.4,300,p2,P2 tail alpha=1.5,19,260065,210.40509999999998,-16.671099999999967
222.039,0.00024993751562109475,49.0,6.141214696325918,1.3419587217352305,1.0,8.0,target_40_down_300,"target=40%, down=300s",0.4,300,p2,P2 tail alpha=1.5,20,276069,235.3126,-13.273600000000016
171.77400000000006,0.00024993751562109475,35.0,4.745313671582104,1.0344569263881425,1.0,6.0,target_40_down_300,"target=40%, down=300s",0.4,300,p2,P2 tail alpha=1.5,21,348087,196.62009999999998,-24.84609999999992
196.47899999999998,0.00024993751562109475,49.0,5.43139215196201,1.1521815854399584,1.0,7.0,target_40_down_300,"target=40%, down=300s",0.4,300,p2,P2 tail alpha=1.5,22,380095,173.05129999999997,23.427700000000016
214.43400000000003,0.00024993751562109475,41.0,5.930017495626093,1.1455449167993044,1.0,8.0,target_40_down_300,"target=40%, down=300s",0.4,300,p2,P2 tail alpha=1.5,23,392098,225.1208,-10.686799999999977
216.50400000000002,0.0,36.0,6.012496875781054,1.5088984708733342,1.0,8.0,target_40_down_300,"target=40%, down=300s",0.4,300,p2,P2 tail alpha=1.5,24,396099,275.64919999999995,-59.14519999999993
201.24900000000002,0.0,46.0,5.588852786803299,1.4112646072317376,1.0,7.0,target_40_down_300,"target=40%, down=300s",0.4,300,p2,P2 tail alpha=1.5,25,432108,245.8986,-44.649599999999964
229.86899999999997,0.00024993751562109475,41.0,6.358660334916271,1.0699506559871002,1.0,8.0,target_40_down_300,"target=40%, down=300s",0.4,300,p2,P2 tail alpha=1.5,26,436109,222.99669999999998,6.872299999999996
235.674,0.00024993751562109475,49.0,6.519870032491877,1.3169031948469387,1.0,8.0,target_40_down_300,"target=40%, down=300s",0.4,300,p2,P2 tail alpha=1.5,27,456114,210.7807,24.89330000000001
203.274,0.00024993751562109475,41.0,5.6200949762559365,1.1780446272070226,1.0,7.0,target_40_down_300,"target=40%, down=300s",0.4,300,p2,P2 tail alpha=1.5,28,492123,214.9373,-11.663299999999992
160.34400000000002,0.00024993751562109475,43.0,4.427893026743314,1.087458570713435,1.0,6.0,target_40_down_300,"target=40%, down=300s",0.4,300,p2,P2 tail alpha=1.5,29,512128,152.7912,7.552800000000019
231.66899999999998,0.00024993751562109475,45.0,6.40864783804049,1.199523022842983,1.0,8.0,target_40_down_300,"target=40%, down=300s",0.4,300,p3,P3 bucket-flip epsilon=0.05,0,12003,200.841,30.827999999999975
194.18400000000003,0.00024993751562109475,43.0,5.36765808547863,1.2040271254151833,1.0,7.0,target_40_down_300,"target=40%, down=300s",0.4,300,p3,P3 bucket-flip epsilon=0.05,1,28007,198.86919999999998,-4.685199999999952
219.339,0.00024993751562109475,53.0,6.06623344163959,1.3365685282220732,1.0,8.0,target_40_down_300,"target=40%, down=300s",0.4,300,p3,P3 bucket-flip epsilon=0.05,2,36009,214.29749999999996,5.041500000000042
183.834,0.00024993751562109475,47.0,5.0802299425143715,1.5209317009003134,1.0,7.0,target_40_down_300,"target=40%, down=300s",0.4,300,p3,P3 bucket-flip epsilon=0.05,3,56014,190.3555,-6.521500000000003
230.229,0.00024993751562109475,55.0,6.368657835541114,1.4490626202910737,1.0,8.0,target_40_down_300,"target=40%, down=300s",0.4,300,p3,P3 bucket-flip epsilon=0.05,4,60015,202.20189999999997,28.027100000000047
236.88899999999998,0.00024993751562109475,53.0,6.5536115971007245,1.3329453823234503,1.0,8.0,target_40_down_300,"target=40%, down=300s",0.4,300,p3,P3 bucket-flip epsilon=0.05,5,76019,214.41939999999997,22.469600000000014
244.08899999999997,0.00024993751562109475,39.0,6.7535616095976,1.2012044845538916,1.0,9.0,target_40_down_300,"target=40%, down=300s",0.4,300,p3,P3 bucket-flip epsilon=0.05,6,84021,237.90949999999998,6.17949999999999
228.519,0.00024993751562109475,47.0,6.321169707573107,1.415123170626899,1.0,8.0,target_40_down_300,"target=40%, down=300s",0.4,300,p3,P3 bucket-flip epsilon=0.05,7,96024,220.6605,7.858499999999992
218.25900000000001,0.00024993751562109475,47.0,6.036240939765059,1.5505918812305133,1.0,8.0,target_40_down_300,"target=40%, down=300s",0.4,300,p3,P3 bucket-flip epsilon=0.05,8,116029,217.18059999999997,1.0784000000000447
220.779,0.00024993751562109475,45.0,6.106223444138966,1.0941501121616035,1.0,7.0,target_40_down_300,"target=40%, down=300s",0.4,300,p3,P3 bucket-flip epsilon=0.05,9,120030,222.3455,-1.5664999999999907
213.264,0.00024993751562109475,53.0,5.897525618595351,1.1870737508190268,1.0,7.0,target_40_down_300,"target=40%, down=300s",0.4,300,p3,P3 bucket-flip epsilon=0.05,10,148037,209.62449999999998,3.6395000000000266
230.22899999999998,0.00024993751562109475,47.0,6.368657835541114,1.1390711357861363,1.0,8.0,target_40_down_300,"target=40%, down=300s",0.4,300,p3,P3 bucket-flip epsilon=0.05,11,152038,233.73909999999995,-3.510099999999966
205.704,0.0,48.0,5.712571857035741,1.476251868416438,1.0,7.0,target_40_down_300,"target=40%, down=300s",0.4,300,p3,P3 bucket-flip epsilon=0.05,12,180045,220.19819999999999,-14.494199999999978
234.729,0.00024993751562109475,43.0,6.493626593351662,1.2347634224236148,1.0,8.0,target_40_down_300,"target=40%, down=300s",0.4,300,p3,P3 bucket-flip epsilon=0.05,13,184046,210.76399999999995,23.96500000000006
227.16899999999998,0.00024993751562109475,39.0,6.283679080229943,0.9876802027675856,1.0,7.0,target_40_down_300,"target=40%, down=300s",0.4,300,p3,P3 bucket-flip epsilon=0.05,14,192048,225.31569999999996,1.8533000000000186
230.094,0.00024993751562109475,49.0,6.364908772806798,1.3215035773690773,1.0,8.0,target_40_down_300,"target=40%, down=300s",0.4,300,p3,P3 bucket-flip epsilon=0.05,15,224056,224.80619999999996,5.287800000000033
211.86899999999997,0.00024993751562109475,55.0,5.858785303674082,1.3540107414167717,1.0,8.0,target_40_down_300,"target=40%, down=300s",0.4,300,p3,P3 bucket-flip epsilon=0.05,16,240060,194.10769999999997,17.761300000000006
198.99900000000002,0.0,43.0,5.526368407898025,1.1614774107995987,1.0,7.0,target_40_down_300,"target=40%, down=300s",0.4,300,p3,P3 bucket-flip epsilon=0.05,17,248062,185.038,13.961000000000013
209.664,0.00024993751562109475,47.0,5.797550612346913,1.2732237526527574,1.0,8.0,target_40_down_300,"target=40%, down=300s",0.4,300,p3,P3 bucket-flip epsilon=0.05,18,256064,220.04359999999997,-10.379599999999982
193.734,0.00024993751562109475,51.0,5.355161209697576,1.2673505576185156,1.0,8.0,target_40_down_300,"target=40%, down=300s",0.4,300,p3,P3 bucket-flip epsilon=0.05,19,260065,187.67849999999999,6.055500000000023
222.039,0.00024993751562109475,49.0,6.141214696325918,1.3419587217352305,1.0,8.0,target_40_down_300,"target=40%, down=300s",0.4,300,p3,P3 bucket-flip epsilon=0.05,20,276069,212.84449999999998,9.194500000000005
171.77400000000006,0.00024993751562109475,35.0,4.745313671582104,1.0344569263881425,1.0,6.0,target_40_down_300,"target=40%, down=300s",0.4,300,p3,P3 bucket-flip epsilon=0.05,21,348087,177.72899999999998,-5.954999999999927
196.47899999999998,0.00024993751562109475,49.0,5.43139215196201,1.1521815854399584,1.0,7.0,target_40_down_300,"target=40%, down=300s",0.4,300,p3,P3 bucket-flip epsilon=0.05,22,380095,187.8707,8.608299999999986
214.43400000000003,0.00024993751562109475,41.0,5.930017495626093,1.1455449167993044,1.0,8.0,target_40_down_300,"target=40%, down=300s",0.4,300,p3,P3 bucket-flip epsilon=0.05,23,392098,210.4859,3.9481000000000392
216.50400000000002,0.0,36.0,6.012496875781054,1.5088984708733342,1.0,8.0,target_40_down_300,"target=40%, down=300s",0.4,300,p3,P3 bucket-flip epsilon=0.05,24,396099,237.5504,-21.046399999999977
201.24900000000002,0.0,46.0,5.588852786803299,1.4112646072317376,1.0,7.0,target_40_down_300,"target=40%, down=300s",0.4,300,p3,P3 bucket-flip epsilon=0.05,25,432108,243.09390000000002,-41.844899999999996
229.86899999999997,0.00024993751562109475,41.0,6.358660334916271,1.0699506559871002,1.0,8.0,target_40_down_300,"target=40%, down=300s",0.4,300,p3,P3 bucket-flip epsilon=0.05,26,436109,202.13129999999998,27.73769999999999
235.674,0.00024993751562109475,49.0,6.519870032491877,1.3169031948469387,1.0,8.0,target_40_down_300,"target=40%, down=300s",0.4,300,p3,P3 bucket-flip epsilon=0.05,27,456114,214.68049999999997,20.99350000000004
203.274,0.00024993751562109475,41.0,5.6200949762559365,1.1780446272070226,1.0,7.0,target_40_down_300,"target=40%, down=300s",0.4,300,p3,P3 bucket-flip epsilon=0.05,28,492123,203.618,-0.3439999999999941
160.34400000000002,0.00024993751562109475,43.0,4.427893026743314,1.087458570713435,1.0,6.0,target_40_down_300,"target=40%, down=300s",0.4,300,p3,P3 bucket-flip epsilon=0.05,29,512128,158.1235,2.2205000000000155
144.909,0.00024993751562109475,69.0,3.9992501874531365,1.4367440201009245,1.0,6.0,target_50_down_0,"target=50%, down=0s",0.5,0,clean,Clean,0,12003,218.3743,-73.46530000000001
121.149,0.00024993751562109475,73.0,3.3394151462134465,1.459532801570701,1.0,6.0,target_50_down_0,"target=50%, down=0s",0.5,0,clean,Clean,1,28007,193.74349999999998,-72.59449999999998
135.819,0.00024993751562109475,87.0,3.746813296675831,1.5394927599354538,1.0,6.0,target_50_down_0,"target=50%, down=0s",0.5,0,clean,Clean,2,36009,201.1453,-65.3263
117.63900000000001,0.00024993751562109475,71.0,3.24193951512122,1.5650361985478078,1.0,6.0,target_50_down_0,"target=50%, down=0s",0.5,0,clean,Clean,3,56014,199.1798,-81.54079999999999
138.96900000000002,0.00024993751562109475,95.0,3.834291427143214,1.6602995679651131,1.0,6.0,target_50_down_0,"target=50%, down=0s",0.5,0,clean,Clean,4,60015,216.89069999999998,-77.92169999999996
141.80400000000003,0.00024993751562109475,89.0,3.913021744563859,1.610212624345976,1.0,6.0,target_50_down_0,"target=50%, down=0s",0.5,0,clean,Clean,5,76019,207.0815,-65.27749999999997
161.604,0.00024993751562109475,73.0,4.462884278930267,1.483622019006683,1.0,7.0,target_50_down_0,"target=50%, down=0s",0.5,0,clean,Clean,6,84021,229.52589999999998,-67.92189999999997
144.774,0.00024993751562109475,91.0,3.99550112471882,1.6008869558154035,1.0,6.0,target_50_down_0,"target=50%, down=0s",0.5,0,clean,Clean,7,96024,222.5847,-77.8107
139.059,0.00024993751562109475,69.0,3.8367908022994253,1.6132127834245023,1.0,6.0,target_50_down_0,"target=50%, down=0s",0.5,0,clean,Clean,8,116029,200.50019999999998,-61.44119999999998
133.704,0.00024993751562109475,77.0,3.6880779805048736,1.4118009896614037,1.0,6.0,target_50_down_0,"target=50%, down=0s",0.5,0,clean,Clean,9,120030,198.69279999999998,-64.98879999999997
129.789,0.00024993751562109475,75.0,3.5793551612096977,1.4814570548374488,1.0,6.0,target_50_down_0,"target=50%, down=0s",0.5,0,clean,Clean,10,148037,208.0651,-78.27610000000001
140.949,0.00024993751562109475,103.0,3.889277680579855,1.6036971478395545,1.0,6.0,target_50_down_0,"target=50%, down=0s",0.5,0,clean,Clean,11,152038,206.97209999999998,-66.02309999999997
133.569,0.0,90.0,3.709322669332667,1.5156389001967208,1.0,6.0,target_50_down_0,"target=50%, down=0s",0.5,0,clean,Clean,12,180045,209.81920000000002,-76.25020000000004
144.05400000000003,0.00024993751562109475,97.0,3.975506123469133,1.5683701584085776,1.0,6.0,target_50_down_0,"target=50%, down=0s",0.5,0,clean,Clean,13,184046,223.47009999999997,-79.41609999999994
145.31400000000002,0.00024993751562109475,105.0,4.010497375656086,1.5436301626477282,1.0,6.0,target_50_down_0,"target=50%, down=0s",0.5,0,clean,Clean,14,192048,203.9013,-58.58729999999997
139.959,0.00024993751562109475,83.0,3.8617845538615345,1.5827240633496986,1.0,6.0,target_50_down_0,"target=50%, down=0s",0.5,0,clean,Clean,15,224056,214.37720000000002,-74.41820000000001
122.904,0.00024993751562109475,81.0,3.3881529617595603,1.3715244594104623,1.0,6.0,target_50_down_0,"target=50%, down=0s",0.5,0,clean,Clean,16,240060,192.58999999999997,-69.68599999999998
126.999,0.0,75.0,3.5268682829292675,1.2381264780313743,1.0,5.0,target_50_down_0,"target=50%, down=0s",0.5,0,clean,Clean,17,248062,182.12969999999999,-55.13069999999999
131.724,0.00024993751562109475,81.0,3.633091727068233,1.336375018206611,1.0,6.0,target_50_down_0,"target=50%, down=0s",0.5,0,clean,Clean,18,256064,195.54919999999998,-63.825199999999995
116.964,0.00024993751562109475,67.0,3.2231942014496378,1.2911255334941518,1.0,6.0,target_50_down_0,"target=50%, down=0s",0.5,0,clean,Clean,19,260065,204.02569999999997,-87.06169999999997
134.37900000000002,0.00024993751562109475,97.0,3.706823294176456,1.417135795381518,1.0,6.0,target_50_down_0,"target=50%, down=0s",0.5,0,clean,Clean,20,276069,209.8825,-75.50349999999997
111.744,0.00024993751562109475,73.0,3.0782304423894025,1.1514325940446415,1.0,5.0,target_50_down_0,"target=50%, down=0s",0.5,0,clean,Clean,21,348087,169.67329999999998,-57.929299999999984
118.13399999999999,0.00024993751562109475,71.0,3.25568607848038,1.2555732433379967,1.0,6.0,target_50_down_0,"target=50%, down=0s",0.5,0,clean,Clean,22,380095,188.1717,-70.0377
130.869,0.00024993751562109475,87.0,3.609347663084229,1.406807670719265,1.0,6.0,target_50_down_0,"target=50%, down=0s",0.5,0,clean,Clean,23,392098,223.3544,-92.4854
141.804,0.0,96.0,3.9380154961259684,1.493853761582626,1.0,6.0,target_50_down_0,"target=50%, down=0s",0.5,0,clean,Clean,24,396099,235.05129999999997,-93.24729999999997
128.709,0.0,56.0,3.5743564108972756,1.3948282530389347,1.0,6.0,target_50_down_0,"target=50%, down=0s",0.5,0,clean,Clean,25,432108,224.47140000000002,-95.76240000000001
140.724,0.00024993751562109475,89.0,3.883029242689328,1.2988043340781152,1.0,6.0,target_50_down_0,"target=50%, down=0s",0.5,0,clean,Clean,26,436109,197.60339999999997,-56.879399999999976
140.409,0.00024993751562109475,89.0,3.8742814296425894,1.5283510478768187,1.0,6.0,target_50_down_0,"target=50%, down=0s",0.5,0,clean,Clean,27,456114,186.01019999999997,-45.60119999999998
125.739,0.00024993751562109475,75.0,3.466883279180205,1.498300464710669,1.0,6.0,target_50_down_0,"target=50%, down=0s",0.5,0,clean,Clean,28,492123,193.3589,-67.6199
99.774,0.00024993751562109475,47.0,2.7458135466133466,1.1915402436293943,1.0,5.0,target_50_down_0,"target=50%, down=0s",0.5,0,clean,Clean,29,512128,166.4776,-66.7036
144.639,0.00024993751562109475,73.0,3.9917520619845037,1.4522928994679107,1.0,7.0,target_50_down_0,"target=50%, down=0s",0.5,0,p1,P1 lag k=10,0,12003,150.3218,-5.682799999999986
123.71399999999998,0.00024993751562109475,77.0,3.4106473381654587,1.4808876894489154,1.0,6.0,target_50_down_0,"target=50%, down=0s",0.5,0,p1,P1 lag k=10,1,28007,147.01839999999999,-23.3044
134.96400000000003,0.00024993751562109475,71.0,3.723069232691827,1.5292826753351934,1.0,6.0,target_50_down_0,"target=50%, down=0s",0.5,0,p1,P1 lag k=10,2,36009,139.5478,-4.583799999999968
116.424,0.00024993751562109475,71.0,3.208197950512372,1.5373034675424266,1.0,6.0,target_50_down_0,"target=50%, down=0s",0.5,0,p1,P1 lag k=10,3,56014,140.99259999999998,-24.568599999999975
139.644,0.00024993751562109475,97.0,3.853036740814796,1.6699398869699627,1.0,7.0,target_50_down_0,"target=50%, down=0s",0.5,0,p1,P1 lag k=10,4,60015,154.8906,-15.2466
144.144,0.0007498125468632841,89.0,3.9280179955011247,1.620234861192884,1.0,6.0,target_50_down_0,"target=50%, down=0s",0.5,0,p1,P1 lag k=10,5,76019,150.1882,-6.044199999999989
163.89900000000003,0.00024993751562109475,81.0,4.526618345413646,1.4298051268890255,1.0,6.0,target_50_down_0,"target=50%, down=0s",0.5,0,p1,P1 lag k=10,6,84021,165.3539,-1.4548999999999808
143.69400000000002,0.00024993751562109475,89.0,3.965508622844289,1.619152443048421,1.0,6.0,target_50_down_0,"target=50%, down=0s",0.5,0,p1,P1 lag k=10,7,96024,158.91369999999998,-15.21969999999996
140.679,0.00024993751562109475,89.0,3.881779555111222,1.6378643968431241,1.0,6.0,target_50_down_0,"target=50%, down=0s",0.5,0,p1,P1 lag k=10,8,116029,159.9548,-19.275800000000004
133.974,0.00024993751562109475,77.0,3.695576105973507,1.473180355278721,1.0,6.0,target_50_down_0,"target=50%, down=0s",0.5,0,p1,P1 lag k=10,9,120030,150.09120000000001,-16.117200000000025
131.814,0.00024993751562109475,67.0,3.635591102224444,1.4799072354051312,1.0,6.0,target_50_down_0,"target=50%, down=0s",0.5,0,p1,P1 lag k=10,10,148037,144.62689999999998,-12.812899999999985
138.789,0.00024993751562109475,103.0,3.8292926768307924,1.5866544540257461,1.0,6.0,target_50_down_0,"target=50%, down=0s",0.5,0,p1,P1 lag k=10,11,152038,168.8005,-30.011500000000012
132.444,0.0,92.0,3.67808047988003,1.5179808457485076,1.0,7.0,target_50_down_0,"target=50%, down=0s",0.5,0,p1,P1 lag k=10,12,180045,172.0389,-39.594900000000024
144.324,0.00024993751562109475,107.0,3.9830042489377657,1.5516472440408149,1.0,7.0,target_50_down_0,"target=50%, down=0s",0.5,0,p1,P1 lag k=10,13,184046,160.5702,-16.246199999999988
143.154,0.00024993751562109475,99.0,3.950512371907023,1.5233089787853893,1.0,6.0,target_50_down_0,"target=50%, down=0s",0.5,0,p1,P1 lag k=10,14,192048,172.60879999999997,-29.454799999999977
142.25400000000002,0.00024993751562109475,91.0,3.925518620344914,1.554781914133158,1.0,7.0,target_50_down_0,"target=50%, down=0s",0.5,0,p1,P1 lag k=10,15,224056,162.52759999999998,-20.27359999999996
122.499,0.00024993751562109475,73.0,3.376905773556611,1.4003272097247785,1.0,6.0,target_50_down_0,"target=50%, down=0s",0.5,0,p1,P1 lag k=10,16,240060,147.40159999999997,-24.90259999999998
124.704,0.0,59.0,3.4631342164458885,1.2103044513737808,1.0,5.0,target_50_down_0,"target=50%, down=0s",0.5,0,p1,P1 lag k=10,17,248062,141.0806,-16.37660000000001
134.559,0.00024993751562109475,89.0,3.7118220444888776,1.3119650876551985,1.0,6.0,target_50_down_0,"target=50%, down=0s",0.5,0,p1,P1 lag k=10,18,256064,140.1241,-5.565100000000001
119.57399999999998,0.0007498125468632841,75.0,3.245688577855536,1.3243615626424872,1.0,6.0,target_50_down_0,"target=50%, down=0s",0.5,0,p1,P1 lag k=10,19,260065,151.7956,-32.221600000000024
134.109,0.00024993751562109475,99.0,3.6993251687078232,1.4182098627090443,1.0,6.0,target_50_down_0,"target=50%, down=0s",0.5,0,p1,P1 lag k=10,20,276069,142.89600000000002,-8.787000000000006
112.55400000000002,0.00024993751562109475,61.0,3.1007248187953014,1.2100561621377297,1.0,5.0,target_50_down_0,"target=50%, down=0s",0.5,0,p1,P1 lag k=10,21,348087,113.0954,-0.5413999999999817
117.59400000000001,0.00024993751562109475,69.0,3.240689827543114,1.261509442097391,1.0,5.0,target_50_down_0,"target=50%, down=0s",0.5,0,p1,P1 lag k=10,22,380095,131.6652,-14.07119999999999
131.81400000000002,0.00024993751562109475,65.0,3.635591102224444,1.3775697921077457,1.0,6.0,target_50_down_0,"target=50%, down=0s",0.5,0,p1,P1 lag k=10,23,392098,162.4286,-30.614599999999967
144.23400000000004,0.0,112.0,4.005498625343664,1.517528923629496,1.0,6.0,target_50_down_0,"target=50%, down=0s",0.5,0,p1,P1 lag k=10,24,396099,177.0731,-32.83909999999997
130.464,0.0,80.0,3.623094226443389,1.4494417211614259,1.0,6.0,target_50_down_0,"target=50%, down=0s",0.5,0,p1,P1 lag k=10,25,432108,160.6234,-30.159400000000005
141.399,0.00024993751562109475,95.0,3.90177455636091,1.3554114006994973,1.0,6.0,target_50_down_0,"target=50%, down=0s",0.5,0,p1,P1 lag k=10,26,436109,137.53480000000002,3.8641999999999825
141.084,0.00024993751562109475,101.0,3.8930267433141714,1.5310022434886321,1.0,6.0,target_50_down_0,"target=50%, down=0s",0.5,0,p1,P1 lag k=10,27,456114,144.30899999999997,-3.224999999999966
123.714,0.00024993751562109475,77.0,3.4106473381654587,1.4372056971062246,1.0,6.0,target_50_down_0,"target=50%, down=0s",0.5,0,p1,P1 lag k=10,28,492123,144.2144,-20.500400000000013
100.179,0.00024993751562109475,51.0,2.757060734816296,1.1954532535569928,1.0,5.0,target_50_down_0,"target=50%, down=0s",0.5,0,p1,P1 lag k=10,29,512128,125.5334,-25.3544
144.909,0.00024993751562109475,69.0,3.9992501874531365,1.4367440201009245,1.0,6.0,target_50_down_0,"target=50%, down=0s",0.5,0,p2,P2 tail alpha=1.5,0,12003,242.7613,-97.85230000000001
121.149,0.00024993751562109475,73.0,3.3394151462134465,1.459532801570701,1.0,6.0,target_50_down_0,"target=50%, down=0s",0.5,0,p2,P2 tail alpha=1.5,1,28007,209.0171,-87.8681
135.819,0.00024993751562109475,87.0,3.746813296675831,1.5394927599354538,1.0,6.0,target_50_down_0,"target=50%, down=0s",0.5,0,p2,P2 tail alpha=1.5,2,36009,260.9325,-125.11350000000002
117.63900000000001,0.00024993751562109475,71.0,3.24193951512122,1.5650361985478078,1.0,6.0,target_50_down_0,"target=50%, down=0s",0.5,0,p2,P2 tail alpha=1.5,3,56014,233.107,-115.46799999999999
138.96900000000002,0.00024993751562109475,95.0,3.834291427143214,1.6602995679651131,1.0,6.0,target_50_down_0,"target=50%, down=0s",0.5,0,p2,P2 tail alpha=1.5,4,60015,222.0885,-83.11949999999999
144.50400000000002,0.000999750062484379,89.0,3.913021744563859,1.610212624345976,1.0,6.0,target_50_down_0,"target=50%, down=0s",0.5,0,p2,P2 tail alpha=1.5,5,76019,236.48680000000002,-91.9828
161.604,0.00024993751562109475,73.0,4.462884278930267,1.483622019006683,1.0,7.0,target_50_down_0,"target=50%, down=0s",0.5,0,p2,P2 tail alpha=1.5,6,84021,241.2127,-79.6087
145.674,0.0004998750312421895,91.0,3.99550112471882,1.6008869558154035,1.0,6.0,target_50_down_0,"target=50%, down=0s",0.5,0,p2,P2 tail alpha=1.5,7,96024,236.279,-90.60499999999999
139.059,0.00024993751562109475,69.0,3.8367908022994253,1.6132127834245023,1.0,6.0,target_50_down_0,"target=50%, down=0s",0.5,0,p2,P2 tail alpha=1.5,8,116029,233.46280000000002,-94.40380000000002
133.704,0.00024993751562109475,77.0,3.6880779805048736,1.4118009896614037,1.0,6.0,target_50_down_0,"target=50%, down=0s",0.5,0,p2,P2 tail alpha=1.5,9,120030,227.5058,-93.80179999999999
129.789,0.00024993751562109475,75.0,3.5793551612096977,1.4814570548374488,1.0,6.0,target_50_down_0,"target=50%, down=0s",0.5,0,p2,P2 tail alpha=1.5,10,148037,202.27280000000002,-72.48380000000003
140.949,0.00024993751562109475,103.0,3.889277680579855,1.6036971478395545,1.0,6.0,target_50_down_0,"target=50%, down=0s",0.5,0,p2,P2 tail alpha=1.5,11,152038,228.8056,-87.85659999999999
133.569,0.0,90.0,3.709322669332667,1.5156389001967208,1.0,6.0,target_50_down_0,"target=50%, down=0s",0.5,0,p2,P2 tail alpha=1.5,12,180045,250.4106,-116.8416
148.55400000000003,0.0014996250937265683,97.0,3.975506123469133,1.5683701584085776,1.0,6.0,target_50_down_0,"target=50%, down=0s",0.5,0,p2,P2 tail alpha=1.5,13,184046,209.8829,-61.328899999999976
145.31400000000002,0.00024993751562109475,105.0,4.010497375656086,1.5436301626477282,1.0,6.0,target_50_down_0,"target=50%, down=0s",0.5,0,p2,P2 tail alpha=1.5,14,192048,210.01300000000003,-64.69900000000001
139.959,0.00024993751562109475,83.0,3.8617845538615345,1.5827240633496986,1.0,6.0,target_50_down_0,"target=50%, down=0s",0.5,0,p2,P2 tail alpha=1.5,15,224056,259.8589,-119.8999
122.904,0.00024993751562109475,81.0,3.3881529617595603,1.3715244594104623,1.0,6.0,target_50_down_0,"target=50%, down=0s",0.5,0,p2,P2 tail alpha=1.5,16,240060,221.0752,-98.1712
126.999,0.0,75.0,3.5268682829292675,1.2381264780313743,1.0,5.0,target_50_down_0,"target=50%, down=0s",0.5,0,p2,P2 tail alpha=1.5,17,248062,245.59840000000003,-118.59940000000003
131.724,0.00024993751562109475,81.0,3.633091727068233,1.336375018206611,1.0,6.0,target_50_down_0,"target=50%, down=0s",0.5,0,p2,P2 tail alpha=1.5,18,256064,215.09799999999998,-83.374
116.964,0.00024993751562109475,67.0,3.2231942014496378,1.2911255334941518,1.0,6.0,target_50_down_0,"target=50%, down=0s",0.5,0,p2,P2 tail alpha=1.5,19,260065,210.40509999999998,-93.44109999999998
134.37900000000002,0.00024993751562109475,97.0,3.706823294176456,1.417135795381518,1.0,6.0,target_50_down_0,"target=50%, down=0s",0.5,0,p2,P2 tail alpha=1.5,20,276069,235.3126,-100.93359999999998
111.744,0.00024993751562109475,73.0,3.0782304423894025,1.1514325940446415,1.0,5.0,target_50_down_0,"target=50%, down=0s",0.5,0,p2,P2 tail alpha=1.5,21,348087,196.62009999999998,-84.87609999999998
119.934,0.0007498125468632841,71.0,3.25568607848038,1.2555732433379967,1.0,6.0,target_50_down_0,"target=50%, down=0s",0.5,0,p2,P2 tail alpha=1.5,22,380095,173.05129999999997,-53.11729999999997
130.869,0.00024993751562109475,87.0,3.609347663084229,1.406807670719265,1.0,6.0,target_50_down_0,"target=50%, down=0s",0.5,0,p2,P2 tail alpha=1.5,23,392098,225.1208,-94.2518
143.604,0.0004998750312421895,96.0,3.9380154961259684,1.493853761582626,1.0,6.0,target_50_down_0,"target=50%, down=0s",0.5,0,p2,P2 tail alpha=1.5,24,396099,275.64919999999995,-132.04519999999994
128.709,0.0,56.0,3.5743564108972756,1.3948282530389347,1.0,6.0,target_50_down_0,"target=50%, down=0s",0.5,0,p2,P2 tail alpha=1.5,25,432108,245.8986,-117.18959999999998
140.724,0.00024993751562109475,89.0,3.883029242689328,1.2988043340781152,1.0,6.0,target_50_down_0,"target=50%, down=0s",0.5,0,p2,P2 tail alpha=1.5,26,436109,222.99669999999998,-82.27269999999999
140.409,0.00024993751562109475,89.0,3.8742814296425894,1.5283510478768187,1.0,6.0,target_50_down_0,"target=50%, down=0s",0.5,0,p2,P2 tail alpha=1.5,27,456114,210.7807,-70.3717
125.739,0.00024993751562109475,75.0,3.466883279180205,1.498300464710669,1.0,6.0,target_50_down_0,"target=50%, down=0s",0.5,0,p2,P2 tail alpha=1.5,28,492123,214.9373,-89.19829999999999
99.774,0.00024993751562109475,47.0,2.7458135466133466,1.1915402436293943,1.0,5.0,target_50_down_0,"target=50%, down=0s",0.5,0,p2,P2 tail alpha=1.5,29,512128,152.7912,-53.0172
144.909,0.00024993751562109475,69.0,3.9992501874531365,1.4367440201009245,1.0,6.0,target_50_down_0,"target=50%, down=0s",0.5,0,p3,P3 bucket-flip epsilon=0.05,0,12003,200.841,-55.932000000000016
121.149,0.00024993751562109475,73.0,3.3394151462134465,1.459532801570701,1.0,6.0,target_50_down_0,"target=50%, down=0s",0.5,0,p3,P3 bucket-flip epsilon=0.05,1,28007,198.86919999999998,-77.72019999999998
135.819,0.00024993751562109475,87.0,3.746813296675831,1.5394927599354538,1.0,6.0,target_50_down_0,"target=50%, down=0s",0.5,0,p3,P3 bucket-flip epsilon=0.05,2,36009,214.29749999999996,-78.47849999999997
117.63900000000001,0.00024993751562109475,71.0,3.24193951512122,1.5650361985478078,1.0,6.0,target_50_down_0,"target=50%, down=0s",0.5,0,p3,P3 bucket-flip epsilon=0.05,3,56014,190.3555,-72.7165
138.96900000000002,0.00024993751562109475,95.0,3.834291427143214,1.6602995679651131,1.0,6.0,target_50_down_0,"target=50%, down=0s",0.5,0,p3,P3 bucket-flip epsilon=0.05,4,60015,202.20189999999997,-63.232899999999944
141.80400000000003,0.00024993751562109475,89.0,3.913021744563859,1.610212624345976,1.0,6.0,target_50_down_0,"target=50%, down=0s",0.5,0,p3,P3 bucket-flip epsilon=0.05,5,76019,214.41939999999997,-72.61539999999994
161.604,0.00024993751562109475,73.0,4.462884278930267,1.483622019006683,1.0,7.0,target_50_down_0,"target=50%, down=0s",0.5,0,p3,P3 bucket-flip epsilon=0.05,6,84021,237.90949999999998,-76.30549999999997
144.774,0.00024993751562109475,91.0,3.99550112471882,1.6008869558154035,1.0,6.0,target_50_down_0,"target=50%, down=0s",0.5,0,p3,P3 bucket-flip epsilon=0.05,7,96024,220.6605,-75.88650000000001
139.059,0.00024993751562109475,69.0,3.8367908022994253,1.6132127834245023,1.0,6.0,target_50_down_0,"target=50%, down=0s",0.5,0,p3,P3 bucket-flip epsilon=0.05,8,116029,217.18059999999997,-78.12159999999997
133.704,0.00024993751562109475,77.0,3.6880779805048736,1.4118009896614037,1.0,6.0,target_50_down_0,"target=50%, down=0s",0.5,0,p3,P3 bucket-flip epsilon=0.05,9,120030,222.3455,-88.64149999999998
129.789,0.00024993751562109475,75.0,3.5793551612096977,1.4814570548374488,1.0,6.0,target_50_down_0,"target=50%, down=0s",0.5,0,p3,P3 bucket-flip epsilon=0.05,10,148037,209.62449999999998,-79.8355
140.949,0.00024993751562109475,103.0,3.889277680579855,1.6036971478395545,1.0,6.0,target_50_down_0,"target=50%, down=0s",0.5,0,p3,P3 bucket-flip epsilon=0.05,11,152038,233.73909999999995,-92.79009999999994
133.569,0.0,90.0,3.709322669332667,1.5156389001967208,1.0,6.0,target_50_down_0,"target=50%, down=0s",0.5,0,p3,P3 bucket-flip epsilon=0.05,12,180045,220.19819999999999,-86.6292
144.05400000000003,0.00024993751562109475,97.0,3.975506123469133,1.5683701584085776,1.0,6.0,target_50_down_0,"target=50%, down=0s",0.5,0,p3,P3 bucket-flip epsilon=0.05,13,184046,210.76399999999995,-66.70999999999992
145.31400000000002,0.00024993751562109475,105.0,4.010497375656086,1.5436301626477282,1.0,6.0,target_50_down_0,"target=50%, down=0s",0.5,0,p3,P3 bucket-flip epsilon=0.05,14,192048,225.31569999999996,-80.00169999999994
139.959,0.00024993751562109475,83.0,3.8617845538615345,1.5827240633496986,1.0,6.0,target_50_down_0,"target=50%, down=0s",0.5,0,p3,P3 bucket-flip epsilon=0.05,15,224056,224.80619999999996,-84.84719999999996
122.904,0.00024993751562109475,81.0,3.3881529617595603,1.3715244594104623,1.0,6.0,target_50_down_0,"target=50%, down=0s",0.5,0,p3,P3 bucket-flip epsilon=0.05,16,240060,194.10769999999997,-71.20369999999997
126.999,0.0,75.0,3.5268682829292675,1.2381264780313743,1.0,5.0,target_50_down_0,"target=50%, down=0s",0.5,0,p3,P3 bucket-flip epsilon=0.05,17,248062,185.038,-58.039000000000016
131.724,0.00024993751562109475,81.0,3.633091727068233,1.336375018206611,1.0,6.0,target_50_down_0,"target=50%, down=0s",0.5,0,p3,P3 bucket-flip epsilon=0.05,18,256064,220.04359999999997,-88.31959999999998
116.964,0.00024993751562109475,67.0,3.2231942014496378,1.2911255334941518,1.0,6.0,target_50_down_0,"target=50%, down=0s",0.5,0,p3,P3 bucket-flip epsilon=0.05,19,260065,187.67849999999999,-70.71449999999999
134.37900000000002,0.00024993751562109475,97.0,3.706823294176456,1.417135795381518,1.0,6.0,target_50_down_0,"target=50%, down=0s",0.5,0,p3,P3 bucket-flip epsilon=0.05,20,276069,212.84449999999998,-78.46549999999996
111.744,0.00024993751562109475,73.0,3.0782304423894025,1.1514325940446415,1.0,5.0,target_50_down_0,"target=50%, down=0s",0.5,0,p3,P3 bucket-flip epsilon=0.05,21,348087,177.72899999999998,-65.98499999999999
118.13399999999999,0.00024993751562109475,71.0,3.25568607848038,1.2555732433379967,1.0,6.0,target_50_down_0,"target=50%, down=0s",0.5,0,p3,P3 bucket-flip epsilon=0.05,22,380095,187.8707,-69.73670000000001
130.869,0.00024993751562109475,87.0,3.609347663084229,1.406807670719265,1.0,6.0,target_50_down_0,"target=50%, down=0s",0.5,0,p3,P3 bucket-flip epsilon=0.05,23,392098,210.4859,-79.61689999999999
141.804,0.0,96.0,3.9380154961259684,1.493853761582626,1.0,6.0,target_50_down_0,"target=50%, down=0s",0.5,0,p3,P3 bucket-flip epsilon=0.05,24,396099,237.5504,-95.7464
128.709,0.0,56.0,3.5743564108972756,1.3948282530389347,1.0,6.0,target_50_down_0,"target=50%, down=0s",0.5,0,p3,P3 bucket-flip epsilon=0.05,25,432108,243.09390000000002,-114.38490000000002
140.724,0.00024993751562109475,89.0,3.883029242689328,1.2988043340781152,1.0,6.0,target_50_down_0,"target=50%, down=0s",0.5,0,p3,P3 bucket-flip epsilon=0.05,26,436109,202.13129999999998,-61.40729999999999
140.409,0.00024993751562109475,89.0,3.8742814296425894,1.5283510478768187,1.0,6.0,target_50_down_0,"target=50%, down=0s",0.5,0,p3,P3 bucket-flip epsilon=0.05,27,456114,214.68049999999997,-74.27149999999997
125.739,0.00024993751562109475,75.0,3.466883279180205,1.498300464710669,1.0,6.0,target_50_down_0,"target=50%, down=0s",0.5,0,p3,P3 bucket-flip epsilon=0.05,28,492123,203.618,-77.87899999999999
99.774,0.00024993751562109475,47.0,2.7458135466133466,1.1915402436293943,1.0,5.0,target_50_down_0,"target=50%, down=0s",0.5,0,p3,P3 bucket-flip epsilon=0.05,29,512128,158.1235,-58.349500000000006
186.399,0.00024993751562109475,33.0,5.151462134466383,0.8607370501848708,1.0,6.0,target_50_down_300,"target=50%, down=300s",0.5,300,clean,Clean,0,12003,218.3743,-31.975300000000004
161.154,0.00024993751562109475,33.0,4.450387403149213,1.035776166367317,1.0,6.0,target_50_down_300,"target=50%, down=300s",0.5,300,clean,Clean,1,28007,193.74349999999998,-32.58949999999999
173.889,0.00024993751562109475,33.0,4.804048987753061,0.9221610522831752,1.0,6.0,target_50_down_300,"target=50%, down=300s",0.5,300,clean,Clean,2,36009,201.1453,-27.25629999999998
151.74900000000002,0.00024993751562109475,37.0,4.189202699325168,1.329850090738333,1.0,6.0,target_50_down_300,"target=50%, down=300s",0.5,300,clean,Clean,3,56014,199.1798,-47.43079999999998
183.87900000000002,0.00024993751562109475,49.0,5.081479630092477,1.001053886125383,1.0,6.0,target_50_down_300,"target=50%, down=300s",0.5,300,clean,Clean,4,60015,216.89069999999998,-33.01169999999996
181.98900000000003,0.00024993751562109475,37.0,5.028992751812047,0.9181222538851681,1.0,6.0,target_50_down_300,"target=50%, down=300s",0.5,300,clean,Clean,5,76019,207.0815,-25.092499999999973
201.474,0.00024993751562109475,31.0,5.570107473131717,1.067642846711673,1.0,7.0,target_50_down_300,"target=50%, down=300s",0.5,300,clean,Clean,6,84021,229.52589999999998,-28.05189999999999
181.98900000000003,0.00024993751562109475,37.0,5.028992751812047,0.9926796346169316,1.0,6.0,target_50_down_300,"target=50%, down=300s",0.5,300,clean,Clean,7,96024,222.5847,-40.595699999999965
172.80900000000003,0.00024993751562109475,33.0,4.77405648587853,1.0874930370039912,1.0,6.0,target_50_down_300,"target=50%, down=300s",0.5,300,clean,Clean,8,116029,200.50019999999998,-27.691199999999952
182.34900000000002,0.00024993751562109475,39.0,5.038990252436891,0.9860204465804411,1.0,6.0,target_50_down_300,"target=50%, down=300s",0.5,300,clean,Clean,9,120030,198.69279999999998,-16.34379999999996
174.834,0.00024993751562109475,41.0,4.830292426893276,0.9880273730735641,1.0,6.0,target_50_down_300,"target=50%, down=300s",0.5,300,clean,Clean,10,148037,208.0651,-33.2311
187.25400000000002,0.00024993751562109475,45.0,5.175206198450387,0.924300563041514,1.0,6.0,target_50_down_300,"target=50%, down=300s",0.5,300,clean,Clean,11,152038,206.97209999999998,-19.718099999999964
171.729,0.0,42.0,4.769057735566109,1.2540969448686927,1.0,6.0,target_50_down_300,"target=50%, down=300s",0.5,300,clean,Clean,12,180045,209.81920000000002,-38.09020000000001
186.71400000000006,0.00024993751562109475,41.0,5.160209947513121,0.8466977805735145,1.0,6.0,target_50_down_300,"target=50%, down=300s",0.5,300,clean,Clean,13,184046,223.47009999999997,-36.75609999999992
187.65900000000002,0.00024993751562109475,37.0,5.186453386653337,0.8783698309932741,1.0,6.0,target_50_down_300,"target=50%, down=300s",0.5,300,clean,Clean,14,192048,203.9013,-16.24229999999997
186.53400000000005,0.00024993751562109475,43.0,5.1552111972007,0.9332393732063954,1.0,6.0,target_50_down_300,"target=50%, down=300s",0.5,300,clean,Clean,15,224056,214.37720000000002,-27.843199999999968
166.19400000000002,0.00024993751562109475,43.0,4.590352411897026,0.9432255733143943,1.0,6.0,target_50_down_300,"target=50%, down=300s",0.5,300,clean,Clean,16,240060,192.58999999999997,-26.395999999999958
158.54399999999998,0.0,27.0,4.402899275181205,0.8145340543344747,1.0,5.0,target_50_down_300,"target=50%, down=300s",0.5,300,clean,Clean,17,248062,182.12969999999999,-23.585700000000003
172.04400000000004,0.00024993751562109475,35.0,4.752811797050738,1.0612969089932067,1.0,6.0,target_50_down_300,"target=50%, down=300s",0.5,300,clean,Clean,18,256064,195.54919999999998,-23.505199999999945
154.494,0.00024993751562109475,39.0,4.265433641589603,0.9462048098970922,1.0,6.0,target_50_down_300,"target=50%, down=300s",0.5,300,clean,Clean,19,260065,204.02569999999997,-49.53169999999997
179.01900000000003,0.00024993751562109475,41.0,4.946513371657086,1.036035772960056,1.0,6.0,target_50_down_300,"target=50%, down=300s",0.5,300,clean,Clean,20,276069,209.8825,-30.86349999999996
142.11899999999997,0.00024993751562109475,25.0,3.9217695576105975,0.8387208145335647,1.0,5.0,target_50_down_300,"target=50%, down=300s",0.5,300,clean,Clean,21,348087,169.67329999999998,-27.554300000000012
160.25400000000002,0.00024993751562109475,39.0,4.425393651587103,0.9910849806600668,1.0,6.0,target_50_down_300,"target=50%, down=300s",0.5,300,clean,Clean,22,380095,188.1717,-27.917699999999968
171.68400000000003,0.00024993751562109475,29.0,4.742814296425894,0.8682744396962886,1.0,6.0,target_50_down_300,"target=50%, down=300s",0.5,300,clean,Clean,23,392098,223.3544,-51.67039999999997
176.31900000000002,0.0,32.0,4.8965258685328665,1.2136400606621145,1.0,6.0,target_50_down_300,"target=50%, down=300s",0.5,300,clean,Clean,24,396099,235.05129999999997,-58.73229999999995
159.714,0.0,34.0,4.435391152211947,1.0670531863904678,1.0,6.0,target_50_down_300,"target=50%, down=300s",0.5,300,clean,Clean,25,432108,224.47140000000002,-64.75740000000002
181.449,0.00024993751562109475,27.0,5.013996500874781,0.7322363050860915,1.0,6.0,target_50_down_300,"target=50%, down=300s",0.5,300,clean,Clean,26,436109,197.60339999999997,-16.154399999999953
185.90400000000002,0.00024993751562109475,41.0,5.137715571107223,0.9184600088642997,1.0,6.0,target_50_down_300,"target=50%, down=300s",0.5,300,clean,Clean,27,456114,186.01019999999997,-0.10619999999994434
165.78900000000004,0.00024993751562109475,43.0,4.579105223694077,1.1742906622873754,1.0,6.0,target_50_down_300,"target=50%, down=300s",0.5,300,clean,Clean,28,492123,193.3589,-27.56989999999996
130.014,0.00024993751562109475,31.0,3.585603599100225,0.9132492462524117,1.0,5.0,target_50_down_300,"target=50%, down=300s",0.5,300,clean,Clean,29,512128,166.4776,-36.463599999999985
188.829,0.00024993751562109475,31.0,5.218945263684079,0.9890937319842463,1.0,7.0,target_50_down_300,"target=50%, down=300s",0.5,300,p1,P1 lag k=10,0,12003,150.3218,38.50720000000001
164.394,0.00024993751562109475,39.0,4.540364908772807,1.106176685748382,1.0,6.0,target_50_down_300,"target=50%, down=300s",0.5,300,p1,P1 lag k=10,1,28007,147.01839999999999,17.37560000000002
173.709,0.00024993751562109475,37.0,4.79905023744064,1.0153085170918978,1.0,6.0,target_50_down_300,"target=50%, down=300s",0.5,300,p1,P1 lag k=10,2,36009,139.5478,34.16120000000001
151.88400000000001,0.00024993751562109475,37.0,4.192951762059485,1.3447335174168535,1.0,6.0,target_50_down_300,"target=50%, down=300s",0.5,300,p1,P1 lag k=10,3,56014,140.99259999999998,10.891400000000033
187.11900000000003,0.00024993751562109475,53.0,5.171457135716071,1.0905493004814126,1.0,7.0,target_50_down_300,"target=50%, down=300s",0.5,300,p1,P1 lag k=10,4,60015,154.8906,32.22840000000002
183.87900000000002,0.00024993751562109475,37.0,5.081479630092477,0.9589731501829287,1.0,6.0,target_50_down_300,"target=50%, down=300s",0.5,300,p1,P1 lag k=10,5,76019,150.1882,33.690800000000024
193.68900000000002,0.00024993751562109475,25.0,5.35391152211947,0.7149038741553909,1.0,6.0,target_50_down_300,"target=50%, down=300s",0.5,300,p1,P1 lag k=10,6,84021,165.3539,28.33510000000001
180.63900000000004,0.00024993751562109475,37.0,4.991502124468883,0.9930665751863252,1.0,6.0,target_50_down_300,"target=50%, down=300s",0.5,300,p1,P1 lag k=10,7,96024,158.91369999999998,21.72530000000006
178.47900000000004,0.00024993751562109475,37.0,4.93151712071982,1.0351526638665092,1.0,6.0,target_50_down_300,"target=50%, down=300s",0.5,300,p1,P1 lag k=10,8,116029,159.9548,18.524200000000036
183.56400000000002,0.00024993751562109475,35.0,5.072731817045739,0.9590249361215257,1.0,6.0,target_50_down_300,"target=50%, down=300s",0.5,300,p1,P1 lag k=10,9,120030,150.09120000000001,33.47280000000001
176.454,0.00024993751562109475,41.0,4.875281179705074,0.967965437345897,1.0,6.0,target_50_down_300,"target=50%, down=300s",0.5,300,p1,P1 lag k=10,10,148037,144.62689999999998,31.82710000000003
187.11900000000003,0.00024993751562109475,43.0,5.171457135716071,0.9229746099931573,1.0,6.0,target_50_down_300,"target=50%, down=300s",0.5,300,p1,P1 lag k=10,11,152038,168.8005,18.31850000000003
174.42900000000003,0.0,40.0,4.844038990252437,1.3817354248492397,1.0,7.0,target_50_down_300,"target=50%, down=300s",0.5,300,p1,P1 lag k=10,12,180045,172.0389,2.390100000000018
188.87400000000002,0.00024993751562109475,43.0,5.220194951262185,0.9625593134329617,1.0,7.0,target_50_down_300,"target=50%, down=300s",0.5,300,p1,P1 lag k=10,13,184046,160.5702,28.303800000000024
188.06400000000002,0.00024993751562109475,39.0,5.197700574856286,0.8949605984086638,1.0,6.0,target_50_down_300,"target=50%, down=300s",0.5,300,p1,P1 lag k=10,14,192048,172.60879999999997,15.455200000000048
189.639,0.00024993751562109475,41.0,5.241439640089977,1.0394336060388512,1.0,7.0,target_50_down_300,"target=50%, down=300s",0.5,300,p1,P1 lag k=10,15,224056,162.52759999999998,27.11140000000003
163.62900000000002,0.00024993751562109475,37.0,4.519120219945013,0.9273520530715225,1.0,6.0,target_50_down_300,"target=50%, down=300s",0.5,300,p1,P1 lag k=10,16,240060,147.40159999999997,16.227400000000046
155.169,0.0,23.0,4.309172706823294,0.7787725718945246,1.0,5.0,target_50_down_300,"target=50%, down=300s",0.5,300,p1,P1 lag k=10,17,248062,141.0806,14.088400000000007
176.90400000000005,0.00024993751562109475,39.0,4.8877780554861285,1.0123718993100754,1.0,6.0,target_50_down_300,"target=50%, down=300s",0.5,300,p1,P1 lag k=10,18,256064,140.1241,36.779900000000055
159.309,0.00024993751562109475,45.0,4.399150212446888,0.9734743779830225,1.0,6.0,target_50_down_300,"target=50%, down=300s",0.5,300,p1,P1 lag k=10,19,260065,151.7956,7.51339999999999
179.199,0.00024993751562109475,39.0,4.9515121219695075,1.0229304674464503,1.0,6.0,target_50_down_300,"target=50%, down=300s",0.5,300,p1,P1 lag k=10,20,276069,142.89600000000002,36.303
144.00900000000001,0.00024993751562109475,25.0,3.9742564358910273,0.8938050018761639,1.0,5.0,target_50_down_300,"target=50%, down=300s",0.5,300,p1,P1 lag k=10,21,348087,113.0954,30.913600000000017
152.829,0.00024993751562109475,37.0,4.2191952011997005,0.849418079845475,1.0,6.0,target_50_down_300,"target=50%, down=300s",0.5,300,p1,P1 lag k=10,22,380095,131.6652,21.16380000000001
176.949,0.00024993751562109475,39.0,4.889027743064234,1.0326739444816198,1.0,6.0,target_50_down_300,"target=50%, down=300s",0.5,300,p1,P1 lag k=10,23,392098,162.4286,14.520400000000024
179.42400000000004,0.0,32.0,4.982754311422145,1.1660242744985423,1.0,6.0,target_50_down_300,"target=50%, down=300s",0.5,300,p1,P1 lag k=10,24,396099,177.0731,2.350900000000024
167.67900000000003,0.0,42.0,4.656585853536616,1.2341622468609763,1.0,6.0,target_50_down_300,"target=50%, down=300s",0.5,300,p1,P1 lag k=10,25,432108,160.6234,7.055600000000027
179.154,0.00024993751562109475,29.0,4.950262434391402,0.6801910695813256,1.0,6.0,target_50_down_300,"target=50%, down=300s",0.5,300,p1,P1 lag k=10,26,436109,137.53480000000002,41.61919999999998
187.65900000000005,0.00024993751562109475,41.0,5.186453386653337,0.8740912049268773,1.0,6.0,target_50_down_300,"target=50%, down=300s",0.5,300,p1,P1 lag k=10,27,456114,144.30899999999997,43.35000000000008
166.734,0.00024993751562109475,43.0,4.605348662834292,1.0436422219237735,1.0,6.0,target_50_down_300,"target=50%, down=300s",0.5,300,p1,P1 lag k=10,28,492123,144.2144,22.519599999999997
129.60899999999998,0.00024993751562109475,31.0,3.5743564108972756,0.914233715259936,1.0,5.0,target_50_down_300,"target=50%, down=300s",0.5,300,p1,P1 lag k=10,29,512128,125.5334,4.07559999999998
186.399,0.00024993751562109475,33.0,5.151462134466383,0.8607370501848708,1.0,6.0,target_50_down_300,"target=50%, down=300s",0.5,300,p2,P2 tail alpha=1.5,0,12003,242.7613,-56.362300000000005
161.154,0.00024993751562109475,33.0,4.450387403149213,1.035776166367317,1.0,6.0,target_50_down_300,"target=50%, down=300s",0.5,300,p2,P2 tail alpha=1.5,1,28007,209.0171,-47.8631
173.889,0.00024993751562109475,33.0,4.804048987753061,0.9221610522831752,1.0,6.0,target_50_down_300,"target=50%, down=300s",0.5,300,p2,P2 tail alpha=1.5,2,36009,260.9325,-87.0435
151.74900000000002,0.00024993751562109475,37.0,4.189202699325168,1.329850090738333,1.0,6.0,target_50_down_300,"target=50%, down=300s",0.5,300,p2,P2 tail alpha=1.5,3,56014,233.107,-81.35799999999998
183.87900000000002,0.00024993751562109475,49.0,5.081479630092477,1.001053886125383,1.0,6.0,target_50_down_300,"target=50%, down=300s",0.5,300,p2,P2 tail alpha=1.5,4,60015,222.0885,-38.20949999999999
181.98900000000003,0.00024993751562109475,37.0,5.028992751812047,0.9181222538851681,1.0,6.0,target_50_down_300,"target=50%, down=300s",0.5,300,p2,P2 tail alpha=1.5,5,76019,236.48680000000002,-54.497799999999984
201.474,0.00024993751562109475,31.0,5.570107473131717,1.067642846711673,1.0,7.0,target_50_down_300,"target=50%, down=300s",0.5,300,p2,P2 tail alpha=1.5,6,84021,241.2127,-39.73870000000002
181.98900000000003,0.00024993751562109475,37.0,5.028992751812047,0.9926796346169316,1.0,6.0,target_50_down_300,"target=50%, down=300s",0.5,300,p2,P2 tail alpha=1.5,7,96024,236.279,-54.289999999999964
172.80900000000003,0.00024993751562109475,33.0,4.77405648587853,1.0874930370039912,1.0,6.0,target_50_down_300,"target=50%, down=300s",0.5,300,p2,P2 tail alpha=1.5,8,116029,233.46280000000002,-60.65379999999999
182.34900000000002,0.00024993751562109475,39.0,5.038990252436891,0.9860204465804411,1.0,6.0,target_50_down_300,"target=50%, down=300s",0.5,300,p2,P2 tail alpha=1.5,9,120030,227.5058,-45.156799999999976
174.834,0.00024993751562109475,41.0,4.830292426893276,0.9880273730735641,1.0,6.0,target_50_down_300,"target=50%, down=300s",0.5,300,p2,P2 tail alpha=1.5,10,148037,202.27280000000002,-27.438800000000015
187.25400000000002,0.00024993751562109475,45.0,5.175206198450387,0.924300563041514,1.0,6.0,target_50_down_300,"target=50%, down=300s",0.5,300,p2,P2 tail alpha=1.5,11,152038,228.8056,-41.55159999999998
171.729,0.0,42.0,4.769057735566109,1.2540969448686927,1.0,6.0,target_50_down_300,"target=50%, down=300s",0.5,300,p2,P2 tail alpha=1.5,12,180045,250.4106,-78.68159999999997
186.71400000000006,0.00024993751562109475,41.0,5.160209947513121,0.8466977805735145,1.0,6.0,target_50_down_300,"target=50%, down=300s",0.5,300,p2,P2 tail alpha=1.5,13,184046,209.8829,-23.16889999999995
187.65900000000002,0.00024993751562109475,37.0,5.186453386653337,0.8783698309932741,1.0,6.0,target_50_down_300,"target=50%, down=300s",0.5,300,p2,P2 tail alpha=1.5,14,192048,210.01300000000003,-22.354000000000013
186.53400000000005,0.00024993751562109475,43.0,5.1552111972007,0.9332393732063954,1.0,6.0,target_50_down_300,"target=50%, down=300s",0.5,300,p2,P2 tail alpha=1.5,15,224056,259.8589,-73.32489999999996
166.19400000000002,0.00024993751562109475,43.0,4.590352411897026,0.9432255733143943,1.0,6.0,target_50_down_300,"target=50%, down=300s",0.5,300,p2,P2 tail alpha=1.5,16,240060,221.0752,-54.88119999999998
158.54399999999998,0.0,27.0,4.402899275181205,0.8145340543344747,1.0,5.0,target_50_down_300,"target=50%, down=300s",0.5,300,p2,P2 tail alpha=1.5,17,248062,245.59840000000003,-87.05440000000004
172.04400000000004,0.00024993751562109475,35.0,4.752811797050738,1.0612969089932067,1.0,6.0,target_50_down_300,"target=50%, down=300s",0.5,300,p2,P2 tail alpha=1.5,18,256064,215.09799999999998,-43.053999999999945
154.494,0.00024993751562109475,39.0,4.265433641589603,0.9462048098970922,1.0,6.0,target_50_down_300,"target=50%, down=300s",0.5,300,p2,P2 tail alpha=1.5,19,260065,210.40509999999998,-55.911099999999976
179.01900000000003,0.00024993751562109475,41.0,4.946513371657086,1.036035772960056,1.0,6.0,target_50_down_300,"target=50%, down=300s",0.5,300,p2,P2 tail alpha=1.5,20,276069,235.3126,-56.29359999999997
142.11899999999997,0.00024993751562109475,25.0,3.9217695576105975,0.8387208145335647,1.0,5.0,target_50_down_300,"target=50%, down=300s",0.5,300,p2,P2 tail alpha=1.5,21,348087,196.62009999999998,-54.50110000000001
160.25400000000002,0.00024993751562109475,39.0,4.425393651587103,0.9910849806600668,1.0,6.0,target_50_down_300,"target=50%, down=300s",0.5,300,p2,P2 tail alpha=1.5,22,380095,173.05129999999997,-12.79729999999995
171.68400000000003,0.00024993751562109475,29.0,4.742814296425894,0.8682744396962886,1.0,6.0,target_50_down_300,"target=50%, down=300s",0.5,300,p2,P2 tail alpha=1.5,23,392098,225.1208,-53.43679999999998
177.21900000000002,0.00024993751562109475,32.0,4.8965258685328665,1.2136400606621145,1.0,6.0,target_50_down_300,"target=50%, down=300s",0.5,300,p2,P2 tail alpha=1.5,24,396099,275.64919999999995,-98.43019999999993
159.714,0.0,34.0,4.435391152211947,1.0670531863904678,1.0,6.0,target_50_down_300,"target=50%, down=300s",0.5,300,p2,P2 tail alpha=1.5,25,432108,245.8986,-86.18459999999999
181.449,0.00024993751562109475,27.0,5.013996500874781,0.7322363050860915,1.0,6.0,target_50_down_300,"target=50%, down=300s",0.5,300,p2,P2 tail alpha=1.5,26,436109,222.99669999999998,-41.54769999999996
185.90400000000002,0.00024993751562109475,41.0,5.137715571107223,0.9184600088642997,1.0,6.0,target_50_down_300,"target=50%, down=300s",0.5,300,p2,P2 tail alpha=1.5,27,456114,210.7807,-24.87669999999997
165.78900000000004,0.00024993751562109475,43.0,4.579105223694077,1.1742906622873754,1.0,6.0,target_50_down_300,"target=50%, down=300s",0.5,300,p2,P2 tail alpha=1.5,28,492123,214.9373,-49.14829999999995
130.014,0.00024993751562109475,31.0,3.585603599100225,0.9132492462524117,1.0,5.0,target_50_down_300,"target=50%, down=300s",0.5,300,p2,P2 tail alpha=1.5,29,512128,152.7912,-22.777199999999993
186.399,0.00024993751562109475,33.0,5.151462134466383,0.8607370501848708,1.0,6.0,target_50_down_300,"target=50%, down=300s",0.5,300,p3,P3 bucket-flip epsilon=0.05,0,12003,200.841,-14.442000000000007
161.154,0.00024993751562109475,33.0,4.450387403149213,1.035776166367317,1.0,6.0,target_50_down_300,"target=50%, down=300s",0.5,300,p3,P3 bucket-flip epsilon=0.05,1,28007,198.86919999999998,-37.71519999999998
173.889,0.00024993751562109475,33.0,4.804048987753061,0.9221610522831752,1.0,6.0,target_50_down_300,"target=50%, down=300s",0.5,300,p3,P3 bucket-flip epsilon=0.05,2,36009,214.29749999999996,-40.40849999999995
151.74900000000002,0.00024993751562109475,37.0,4.189202699325168,1.329850090738333,1.0,6.0,target_50_down_300,"target=50%, down=300s",0.5,300,p3,P3 bucket-flip epsilon=0.05,3,56014,190.3555,-38.60649999999998
183.87900000000002,0.00024993751562109475,49.0,5.081479630092477,1.001053886125383,1.0,6.0,target_50_down_300,"target=50%, down=300s",0.5,300,p3,P3 bucket-flip epsilon=0.05,4,60015,202.20189999999997,-18.322899999999947
181.98900000000003,0.00024993751562109475,37.0,5.028992751812047,0.9181222538851681,1.0,6.0,target_50_down_300,"target=50%, down=300s",0.5,300,p3,P3 bucket-flip epsilon=0.05,5,76019,214.41939999999997,-32.430399999999935
201.474,0.00024993751562109475,31.0,5.570107473131717,1.067642846711673,1.0,7.0,target_50_down_300,"target=50%, down=300s",0.5,300,p3,P3 bucket-flip epsilon=0.05,6,84021,237.90949999999998,-36.43549999999999
181.98900000000003,0.00024993751562109475,37.0,5.028992751812047,0.9926796346169316,1.0,6.0,target_50_down_300,"target=50%, down=300s",0.5,300,p3,P3 bucket-flip epsilon=0.05,7,96024,220.6605,-38.67149999999998
172.80900000000003,0.00024993751562109475,33.0,4.77405648587853,1.0874930370039912,1.0,6.0,target_50_down_300,"target=50%, down=300s",0.5,300,p3,P3 bucket-flip epsilon=0.05,8,116029,217.18059999999997,-44.371599999999944
182.34900000000002,0.00024993751562109475,39.0,5.038990252436891,0.9860204465804411,1.0,6.0,target_50_down_300,"target=50%, down=300s",0.5,300,p3,P3 bucket-flip epsilon=0.05,9,120030,222.3455,-39.99649999999997
174.834,0.00024993751562109475,41.0,4.830292426893276,0.9880273730735641,1.0,6.0,target_50_down_300,"target=50%, down=300s",0.5,300,p3,P3 bucket-flip epsilon=0.05,10,148037,209.62449999999998,-34.79049999999998
187.25400000000002,0.00024993751562109475,45.0,5.175206198450387,0.924300563041514,1.0,6.0,target_50_down_300,"target=50%, down=300s",0.5,300,p3,P3 bucket-flip epsilon=0.05,11,152038,233.73909999999995,-46.48509999999993
171.729,0.0,42.0,4.769057735566109,1.2540969448686927,1.0,6.0,target_50_down_300,"target=50%, down=300s",0.5,300,p3,P3 bucket-flip epsilon=0.05,12,180045,220.19819999999999,-48.46919999999997
186.71400000000006,0.00024993751562109475,41.0,5.160209947513121,0.8466977805735145,1.0,6.0,target_50_down_300,"target=50%, down=300s",0.5,300,p3,P3 bucket-flip epsilon=0.05,13,184046,210.76399999999995,-24.049999999999898
187.65900000000002,0.00024993751562109475,37.0,5.186453386653337,0.8783698309932741,1.0,6.0,target_50_down_300,"target=50%, down=300s",0.5,300,p3,P3 bucket-flip epsilon=0.05,14,192048,225.31569999999996,-37.656699999999944
186.53400000000005,0.00024993751562109475,43.0,5.1552111972007,0.9332393732063954,1.0,6.0,target_50_down_300,"target=50%, down=300s",0.5,300,p3,P3 bucket-flip epsilon=0.05,15,224056,224.80619999999996,-38.27219999999991
166.19400000000002,0.00024993751562109475,43.0,4.590352411897026,0.9432255733143943,1.0,6.0,target_50_down_300,"target=50%, down=300s",0.5,300,p3,P3 bucket-flip epsilon=0.05,16,240060,194.10769999999997,-27.91369999999995
158.54399999999998,0.0,27.0,4.402899275181205,0.8145340543344747,1.0,5.0,target_50_down_300,"target=50%, down=300s",0.5,300,p3,P3 bucket-flip epsilon=0.05,17,248062,185.038,-26.494000000000028
172.04400000000004,0.00024993751562109475,35.0,4.752811797050738,1.0612969089932067,1.0,6.0,target_50_down_300,"target=50%, down=300s",0.5,300,p3,P3 bucket-flip epsilon=0.05,18,256064,220.04359999999997,-47.99959999999993
154.494,0.00024993751562109475,39.0,4.265433641589603,0.9462048098970922,1.0,6.0,target_50_down_300,"target=50%, down=300s",0.5,300,p3,P3 bucket-flip epsilon=0.05,19,260065,187.67849999999999,-33.184499999999986
179.01900000000003,0.00024993751562109475,41.0,4.946513371657086,1.036035772960056,1.0,6.0,target_50_down_300,"target=50%, down=300s",0.5,300,p3,P3 bucket-flip epsilon=0.05,20,276069,212.84449999999998,-33.82549999999995
142.11899999999997,0.00024993751562109475,25.0,3.9217695576105975,0.8387208145335647,1.0,5.0,target_50_down_300,"target=50%, down=300s",0.5,300,p3,P3 bucket-flip epsilon=0.05,21,348087,177.72899999999998,-35.610000000000014
160.25400000000002,0.00024993751562109475,39.0,4.425393651587103,0.9910849806600668,1.0,6.0,target_50_down_300,"target=50%, down=300s",0.5,300,p3,P3 bucket-flip epsilon=0.05,22,380095,187.8707,-27.61669999999998
171.68400000000003,0.00024993751562109475,29.0,4.742814296425894,0.8682744396962886,1.0,6.0,target_50_down_300,"target=50%, down=300s",0.5,300,p3,P3 bucket-flip epsilon=0.05,23,392098,210.4859,-38.80189999999996
176.31900000000002,0.0,32.0,4.8965258685328665,1.2136400606621145,1.0,6.0,target_50_down_300,"target=50%, down=300s",0.5,300,p3,P3 bucket-flip epsilon=0.05,24,396099,237.5504,-61.23139999999998
159.714,0.0,34.0,4.435391152211947,1.0670531863904678,1.0,6.0,target_50_down_300,"target=50%, down=300s",0.5,300,p3,P3 bucket-flip epsilon=0.05,25,432108,243.09390000000002,-83.37990000000002
181.449,0.00024993751562109475,27.0,5.013996500874781,0.7322363050860915,1.0,6.0,target_50_down_300,"target=50%, down=300s",0.5,300,p3,P3 bucket-flip epsilon=0.05,26,436109,202.13129999999998,-20.68229999999997
185.90400000000002,0.00024993751562109475,41.0,5.137715571107223,0.9184600088642997,1.0,6.0,target_50_down_300,"target=50%, down=300s",0.5,300,p3,P3 bucket-flip epsilon=0.05,27,456114,214.68049999999997,-28.776499999999942
165.78900000000004,0.00024993751562109475,43.0,4.579105223694077,1.1742906622873754,1.0,6.0,target_50_down_300,"target=50%, down=300s",0.5,300,p3,P3 bucket-flip epsilon=0.05,28,492123,203.618,-37.82899999999995
130.014,0.00024993751562109475,31.0,3.585603599100225,0.9132492462524117,1.0,5.0,target_50_down_300,"target=50%, down=300s",0.5,300,p3,P3 bucket-flip epsilon=0.05,29,512128,158.1235,-28.109499999999997
125.649,0.00024993751562109475,87.0,3.464383904023994,1.2134354412939765,1.0,5.0,target_60_down_0,"target=60%, down=0s",0.6,0,clean,Clean,0,12003,218.3743,-92.7253
106.29899999999999,0.00024993751562109475,69.0,2.9270182454386404,1.2238455304679627,1.0,5.0,target_60_down_0,"target=60%, down=0s",0.6,0,clean,Clean,1,28007,193.74349999999998,-87.44449999999999
114.804,0.00024993751562109475,63.0,3.1632091977005747,1.2470835153075528,1.0,5.0,target_60_down_0,"target=60%, down=0s",0.6,0,clean,Clean,2,36009,201.1453,-86.34129999999999
100.494,0.00024993751562109475,63.0,2.7658085478630343,1.2949793085159875,1.0,5.0,target_60_down_0,"target=60%, down=0s",0.6,0,clean,Clean,3,56014,199.1798,-98.6858
118.94399999999999,0.0004998750312421895,73.0,3.253186703324169,1.362045034392852,1.0,5.0,target_60_down_0,"target=60%, down=0s",0.6,0,clean,Clean,4,60015,216.89069999999998,-97.94669999999999
120.924,0.00024993751562109475,81.0,3.3331667083229193,1.3437896977441992,1.0,5.0,target_60_down_0,"target=60%, down=0s",0.6,0,clean,Clean,5,76019,207.0815,-86.1575
140.589,0.000999750062484379,57.0,3.8042989252686827,1.2159654072601864,1.0,6.0,target_60_down_0,"target=60%, down=0s",0.6,0,clean,Clean,6,84021,229.52589999999998,-88.93689999999998
121.05899999999998,0.00024993751562109475,65.0,3.3369157710572357,1.3358567501193763,1.0,5.0,target_60_down_0,"target=60%, down=0s",0.6,0,clean,Clean,7,96024,222.5847,-101.52570000000001
119.25900000000001,0.00024993751562109475,61.0,3.2869282679330167,1.3649856375272085,1.0,5.0,target_60_down_0,"target=60%, down=0s",0.6,0,clean,Clean,8,116029,200.50019999999998,-81.24119999999996
114.53399999999999,0.00024993751562109475,83.0,3.155711072231942,1.2659373409304604,1.0,5.0,target_60_down_0,"target=60%, down=0s",0.6,0,clean,Clean,9,120030,198.69279999999998,-84.15879999999999
112.914,0.00024993751562109475,75.0,3.110722319420145,1.264748040608351,1.0,5.0,target_60_down_0,"target=60%, down=0s",0.6,0,clean,Clean,10,148037,208.0651,-95.1511
121.68900000000001,0.00024993751562109475,73.0,3.354411397150712,1.3683541432848116,1.0,5.0,target_60_down_0,"target=60%, down=0s",0.6,0,clean,Clean,11,152038,206.97209999999998,-85.28309999999998
117.369,0.0,76.0,3.2594351412146962,1.2799480513291392,1.0,5.0,target_60_down_0,"target=60%, down=0s",0.6,0,clean,Clean,12,180045,209.81920000000002,-92.45020000000002
126.32399999999998,0.0007498125468632841,63.0,3.433141714571357,1.3016020168274967,1.0,5.0,target_60_down_0,"target=60%, down=0s",0.6,0,clean,Clean,13,184046,223.47009999999997,-97.14609999999999
124.929,0.00024993751562109475,63.0,3.4443889027743064,1.2759553742931309,1.0,5.0,target_60_down_0,"target=60%, down=0s",0.6,0,clean,Clean,14,192048,203.9013,-78.97229999999999
122.679,0.00024993751562109475,65.0,3.3819045238690326,1.3065931560601272,1.0,5.0,target_60_down_0,"target=60%, down=0s",0.6,0,clean,Clean,15,224056,214.37720000000002,-91.69820000000001
105.129,0.00024993751562109475,79.0,2.894526368407898,1.154140165658633,1.0,5.0,target_60_down_0,"target=60%, down=0s",0.6,0,clean,Clean,16,240060,192.58999999999997,-87.46099999999997
107.15400000000001,0.0,63.0,2.9757560609847538,1.0741850939548832,1.0,5.0,target_60_down_0,"target=60%, down=0s",0.6,0,clean,Clean,17,248062,182.12969999999999,-74.97569999999997
113.904,0.00024993751562109475,69.0,3.1382154461384655,1.174860264206452,1.0,5.0,target_60_down_0,"target=60%, down=0s",0.6,0,clean,Clean,18,256064,195.54919999999998,-81.64519999999999
100.584,0.0007498125468632841,65.0,2.718320419895026,1.0536172222361762,1.0,5.0,target_60_down_0,"target=60%, down=0s",0.6,0,clean,Clean,19,260065,204.02569999999997,-103.44169999999997
114.939,0.00024993751562109475,87.0,3.166958260434891,1.245082492409297,1.0,5.0,target_60_down_0,"target=60%, down=0s",0.6,0,clean,Clean,20,276069,209.8825,-94.9435
96.75900000000001,0.00024993751562109475,43.0,2.66208447888028,0.9677553493819966,1.0,4.0,target_60_down_0,"target=60%, down=0s",0.6,0,clean,Clean,21,348087,169.67329999999998,-72.91429999999997
100.08900000000001,0.00024993751562109475,59.0,2.754561359660085,1.0442567671543308,1.0,5.0,target_60_down_0,"target=60%, down=0s",0.6,0,clean,Clean,22,380095,188.1717,-88.08269999999997
111.159,0.00024993751562109475,67.0,3.0619845038740316,1.1616021826994374,1.0,5.0,target_60_down_0,"target=60%, down=0s",0.6,0,clean,Clean,23,392098,223.3544,-112.19539999999999
125.649,0.0,82.0,3.4893776555861034,1.2564055869188469,1.0,5.0,target_60_down_0,"target=60%, down=0s",0.6,0,clean,Clean,24,396099,235.05129999999997,-109.40229999999997
112.91399999999999,0.0,68.0,3.1357160709822542,1.2533689839435478,1.0,5.0,target_60_down_0,"target=60%, down=0s",0.6,0,clean,Clean,25,432108,224.47140000000002,-111.55740000000003
121.32900000000001,0.00024993751562109475,67.0,3.3444138965258685,1.143250916020885,1.0,5.0,target_60_down_0,"target=60%, down=0s",0.6,0,clean,Clean,26,436109,197.60339999999997,-76.27439999999996
122.094,0.00024993751562109475,91.0,3.365658585353662,1.3078924752154577,1.0,5.0,target_60_down_0,"target=60%, down=0s",0.6,0,clean,Clean,27,456114,186.01019999999997,-63.916199999999975
110.214,0.00024993751562109475,73.0,3.0357410647338163,1.2895954764237363,1.0,5.0,target_60_down_0,"target=60%, down=0s",0.6,0,clean,Clean,28,492123,193.3589,-83.1449
86.40900000000002,0.00024993751562109475,59.0,2.374656335916021,0.953740076269316,1.0,4.0,target_60_down_0,"target=60%, down=0s",0.6,0,clean,Clean,29,512128,166.4776,-80.06859999999998
132.354,0.0024993751562109472,77.0,3.4256435891027244,1.2116786705390812,1.0,5.0,target_60_down_0,"target=60%, down=0s",0.6,0,p1,P1 lag k=10,0,12003,150.3218,-17.967799999999983
106.299,0.00024993751562109475,77.0,2.9270182454386404,1.2115301814531398,1.0,5.0,target_60_down_0,"target=60%, down=0s",0.6,0,p1,P1 lag k=10,1,28007,147.01839999999999,-40.71939999999998
130.734,0.004498875281179705,55.0,3.1807048237940516,1.2803037954513232,1.0,5.0,target_60_down_0,"target=60%, down=0s",0.6,0,p1,P1 lag k=10,2,36009,139.5478,-8.813799999999986
105.84899999999999,0.0012496875781054736,55.0,2.8145463634091477,1.2898381409327861,1.0,5.0,target_60_down_0,"target=60%, down=0s",0.6,0,p1,P1 lag k=10,3,56014,140.99259999999998,-35.14359999999999
121.28399999999999,0.000999750062484379,69.0,3.2681829542614347,1.3480933141379585,1.0,6.0,target_60_down_0,"target=60%, down=0s",0.6,0,p1,P1 lag k=10,4,60015,154.8906,-33.606600000000014
122.994,0.0007498125468632841,67.0,3.340664833791552,1.3558056297490115,1.0,5.0,target_60_down_0,"target=60%, down=0s",0.6,0,p1,P1 lag k=10,5,76019,150.1882,-27.194199999999995
141.399,0.000999750062484379,61.0,3.826793301674581,1.1850699733790702,1.0,5.0,target_60_down_0,"target=60%, down=0s",0.6,0,p1,P1 lag k=10,6,84021,165.3539,-23.95490000000001
124.074,0.0007498125468632841,61.0,3.3706573356660834,1.3339355107407163,1.0,5.0,target_60_down_0,"target=60%, down=0s",0.6,0,p1,P1 lag k=10,7,96024,158.91369999999998,-34.83969999999998
118.85400000000001,0.00024993751562109475,61.0,3.2756810797300675,1.3576708455046276,1.0,5.0,target_60_down_0,"target=60%, down=0s",0.6,0,p1,P1 lag k=10,8,116029,159.9548,-41.10079999999999
121.32900000000001,0.0022494376405898524,75.0,3.1444638840289927,1.2538867216699106,1.0,5.0,target_60_down_0,"target=60%, down=0s",0.6,0,p1,P1 lag k=10,9,120030,150.09120000000001,-28.762200000000007
113.04899999999999,0.00024993751562109475,75.0,3.1144713821544614,1.2658958897328025,1.0,5.0,target_60_down_0,"target=60%, down=0s",0.6,0,p1,P1 lag k=10,10,148037,144.62689999999998,-31.577899999999985
122.63400000000001,0.00024993751562109475,65.0,3.3806548362909274,1.334867110813412,1.0,5.0,target_60_down_0,"target=60%, down=0s",0.6,0,p1,P1 lag k=10,11,152038,168.8005,-46.166499999999985
132.80399999999997,0.00424893776555861,60.0,3.2631842039490127,1.3067286915584606,1.0,5.0,target_60_down_0,"target=60%, down=0s",0.6,0,p1,P1 lag k=10,12,180045,172.0389,-39.23490000000004
127.13400000000001,0.0007498125468632841,57.0,3.4556360909772557,1.2996813296525629,1.0,6.0,target_60_down_0,"target=60%, down=0s",0.6,0,p1,P1 lag k=10,13,184046,160.5702,-33.436199999999985
129.60899999999998,0.0012496875781054736,67.0,3.4743814046488377,1.3088077700905372,1.0,5.0,target_60_down_0,"target=60%, down=0s",0.6,0,p1,P1 lag k=10,14,192048,172.60879999999997,-42.99979999999999
122.81400000000001,0.00024993751562109475,61.0,3.385653586603349,1.3011767227213296,1.0,5.0,target_60_down_0,"target=60%, down=0s",0.6,0,p1,P1 lag k=10,15,224056,162.52759999999998,-39.71359999999997
110.394,0.0017495626093476631,83.0,2.8907773056735815,1.1651086005742364,1.0,5.0,target_60_down_0,"target=60%, down=0s",0.6,0,p1,P1 lag k=10,16,240060,147.40159999999997,-37.00759999999997
106.614,0.0,79.0,2.960759810047488,1.0382390560270784,1.0,5.0,target_60_down_0,"target=60%, down=0s",0.6,0,p1,P1 lag k=10,17,248062,141.0806,-34.4666
111.60900000000001,0.00024993751562109475,57.0,3.074481379655086,1.1068626161375879,1.0,5.0,target_60_down_0,"target=60%, down=0s",0.6,0,p1,P1 lag k=10,18,256064,140.1241,-28.51509999999999
111.789,0.003749062734316421,73.0,2.7295676080979754,1.0758989954119393,1.0,5.0,target_60_down_0,"target=60%, down=0s",0.6,0,p1,P1 lag k=10,19,260065,151.7956,-40.006600000000006
115.794,0.00024993751562109475,73.0,3.1907023244188952,1.2571707966756516,1.0,5.0,target_60_down_0,"target=60%, down=0s",0.6,0,p1,P1 lag k=10,20,276069,142.89600000000002,-27.102000000000018
95.814,0.00024993751562109475,39.0,2.635841039740065,0.9832921147246116,1.0,4.0,target_60_down_0,"target=60%, down=0s",0.6,0,p1,P1 lag k=10,21,348087,113.0954,-17.281400000000005
102.114,0.00024993751562109475,59.0,2.8107973006748312,1.0682500173778633,1.0,5.0,target_60_down_0,"target=60%, down=0s",0.6,0,p1,P1 lag k=10,22,380095,131.6652,-29.551199999999994
115.974,0.0012496875781054736,79.0,3.0957260684828793,1.1959208469939369,1.0,5.0,target_60_down_0,"target=60%, down=0s",0.6,0,p1,P1 lag k=10,23,392098,162.4286,-46.454599999999985
126.909,0.0004998750312421895,78.0,3.4743814046488377,1.2680709847987628,1.0,5.0,target_60_down_0,"target=60%, down=0s",0.6,0,p1,P1 lag k=10,24,396099,177.0731,-50.164100000000005
111.564,0.0,76.0,3.09822544363909,1.2478822250719606,1.0,5.0,target_60_down_0,"target=60%, down=0s",0.6,0,p1,P1 lag k=10,25,432108,160.6234,-49.05940000000001
128.169,0.001999500124968758,71.0,3.359410147463134,1.1614451400232737,1.0,5.0,target_60_down_0,"target=60%, down=0s",0.6,0,p1,P1 lag k=10,26,436109,137.53480000000002,-9.365800000000007
121.959,0.00024993751562109475,75.0,3.361909522619345,1.3017546280055674,1.0,5.0,target_60_down_0,"target=60%, down=0s",0.6,0,p1,P1 lag k=10,27,456114,144.30899999999997,-22.349999999999966
109.899,0.0007498125468632841,71.0,2.9770057485628594,1.2430144250979935,1.0,5.0,target_60_down_0,"target=60%, down=0s",0.6,0,p1,P1 lag k=10,28,492123,144.2144,-34.31540000000001
87.35400000000001,0.00024993751562109475,51.0,2.400899775056236,0.9762176703827162,1.0,4.0,target_60_down_0,"target=60%, down=0s",0.6,0,p1,P1 lag k=10,29,512128,125.5334,-38.17939999999999
131.04899999999998,0.0017495626093476631,87.0,3.464383904023994,1.2134354412939765,1.0,5.0,target_60_down_0,"target=60%, down=0s",0.6,0,p2,P2 tail alpha=1.5,0,12003,242.7613,-111.71230000000003
106.29899999999999,0.00024993751562109475,69.0,2.9270182454386404,1.2238455304679627,1.0,5.0,target_60_down_0,"target=60%, down=0s",0.6,0,p2,P2 tail alpha=1.5,1,28007,209.0171,-102.7181
122.004,0.0022494376405898524,63.0,3.1632091977005747,1.2470835153075528,1.0,5.0,target_60_down_0,"target=60%, down=0s",0.6,0,p2,P2 tail alpha=1.5,2,36009,260.9325,-138.92849999999999
113.09400000000001,0.003749062734316421,63.0,2.7658085478630343,1.2949793085159875,1.0,5.0,target_60_down_0,"target=60%, down=0s",0.6,0,p2,P2 tail alpha=1.5,3,56014,233.107,-120.01299999999999
127.94399999999999,0.0029992501874531365,73.0,3.253186703324169,1.362045034392852,1.0,5.0,target_60_down_0,"target=60%, down=0s",0.6,0,p2,P2 tail alpha=1.5,4,60015,222.0885,-94.14450000000002
129.024,0.0024993751562109472,81.0,3.3331667083229193,1.3437896977441992,1.0,5.0,target_60_down_0,"target=60%, down=0s",0.6,0,p2,P2 tail alpha=1.5,5,76019,236.48680000000002,-107.46280000000002
153.189,0.004498875281179705,57.0,3.8042989252686827,1.2159654072601864,1.0,6.0,target_60_down_0,"target=60%, down=0s",0.6,0,p2,P2 tail alpha=1.5,6,84021,241.2127,-88.02370000000002
131.859,0.0032491877030742314,65.0,3.3369157710572357,1.3358567501193763,1.0,5.0,target_60_down_0,"target=60%, down=0s",0.6,0,p2,P2 tail alpha=1.5,7,96024,236.279,-104.41999999999999
126.459,0.0022494376405898524,61.0,3.2869282679330167,1.3649856375272085,1.0,5.0,target_60_down_0,"target=60%, down=0s",0.6,0,p2,P2 tail alpha=1.5,8,116029,233.46280000000002,-107.00380000000001
119.934,0.0017495626093476631,83.0,3.155711072231942,1.2659373409304604,1.0,5.0,target_60_down_0,"target=60%, down=0s",0.6,0,p2,P2 tail alpha=1.5,9,120030,227.5058,-107.5718
121.014,0.0024993751562109472,75.0,3.110722319420145,1.264748040608351,1.0,5.0,target_60_down_0,"target=60%, down=0s",0.6,0,p2,P2 tail alpha=1.5,10,148037,202.27280000000002,-81.25880000000002
141.489,0.005748562859285179,73.0,3.354411397150712,1.3683541432848116,1.0,5.0,target_60_down_0,"target=60%, down=0s",0.6,0,p2,P2 tail alpha=1.5,11,152038,228.8056,-87.3166
125.469,0.0022494376405898524,76.0,3.2594351412146962,1.2799480513291392,1.0,5.0,target_60_down_0,"target=60%, down=0s",0.6,0,p2,P2 tail alpha=1.5,12,180045,250.4106,-124.9416
141.624,0.0049987503124218945,63.0,3.433141714571357,1.3016020168274967,1.0,5.0,target_60_down_0,"target=60%, down=0s",0.6,0,p2,P2 tail alpha=1.5,13,184046,209.8829,-68.25890000000001
124.929,0.00024993751562109475,63.0,3.4443889027743064,1.2759553742931309,1.0,5.0,target_60_down_0,"target=60%, down=0s",0.6,0,p2,P2 tail alpha=1.5,14,192048,210.01300000000003,-85.08400000000003
130.779,0.0024993751562109472,65.0,3.3819045238690326,1.3065931560601272,1.0,5.0,target_60_down_0,"target=60%, down=0s",0.6,0,p2,P2 tail alpha=1.5,15,224056,259.8589,-129.0799
111.429,0.001999500124968758,79.0,2.894526368407898,1.154140165658633,1.0,5.0,target_60_down_0,"target=60%, down=0s",0.6,0,p2,P2 tail alpha=1.5,16,240060,221.0752,-109.6462
113.45400000000001,0.0017495626093476631,63.0,2.9757560609847538,1.0741850939548832,1.0,5.0,target_60_down_0,"target=60%, down=0s",0.6,0,p2,P2 tail alpha=1.5,17,248062,245.59840000000003,-132.14440000000002
122.904,0.002749312671832042,69.0,3.1382154461384655,1.174860264206452,1.0,5.0,target_60_down_0,"target=60%, down=0s",0.6,0,p2,P2 tail alpha=1.5,18,256064,215.09799999999998,-92.19399999999999
104.184,0.0017495626093476631,65.0,2.718320419895026,1.0536172222361762,1.0,5.0,target_60_down_0,"target=60%, down=0s",0.6,0,p2,P2 tail alpha=1.5,19,260065,210.40509999999998,-106.22109999999998
120.339,0.0017495626093476631,87.0,3.166958260434891,1.245082492409297,1.0,5.0,target_60_down_0,"target=60%, down=0s",0.6,0,p2,P2 tail alpha=1.5,20,276069,235.3126,-114.9736
96.75900000000001,0.00024993751562109475,43.0,2.66208447888028,0.9677553493819966,1.0,4.0,target_60_down_0,"target=60%, down=0s",0.6,0,p2,P2 tail alpha=1.5,21,348087,196.62009999999998,-99.86109999999996
105.48900000000002,0.0017495626093476631,59.0,2.754561359660085,1.0442567671543308,1.0,5.0,target_60_down_0,"target=60%, down=0s",0.6,0,p2,P2 tail alpha=1.5,22,380095,173.05129999999997,-67.56229999999995
111.159,0.00024993751562109475,67.0,3.0619845038740316,1.1616021826994374,1.0,5.0,target_60_down_0,"target=60%, down=0s",0.6,0,p2,P2 tail alpha=1.5,23,392098,225.1208,-113.9618
127.44900000000001,0.0004998750312421895,82.0,3.4893776555861034,1.2564055869188469,1.0,5.0,target_60_down_0,"target=60%, down=0s",0.6,0,p2,P2 tail alpha=1.5,24,396099,275.64919999999995,-148.20019999999994
116.51400000000001,0.000999750062484379,68.0,3.1357160709822542,1.2533689839435478,1.0,5.0,target_60_down_0,"target=60%, down=0s",0.6,0,p2,P2 tail alpha=1.5,25,432108,245.8986,-129.38459999999998
122.22900000000001,0.0004998750312421895,67.0,3.3444138965258685,1.143250916020885,1.0,5.0,target_60_down_0,"target=60%, down=0s",0.6,0,p2,P2 tail alpha=1.5,26,436109,222.99669999999998,-100.76769999999996
128.394,0.001999500124968758,91.0,3.365658585353662,1.3078924752154577,1.0,5.0,target_60_down_0,"target=60%, down=0s",0.6,0,p2,P2 tail alpha=1.5,27,456114,210.7807,-82.38669999999999
119.214,0.002749312671832042,73.0,3.0357410647338163,1.2895954764237363,1.0,5.0,target_60_down_0,"target=60%, down=0s",0.6,0,p2,P2 tail alpha=1.5,28,492123,214.9373,-95.7233
90.00900000000001,0.0012496875781054736,59.0,2.374656335916021,0.953740076269316,1.0,4.0,target_60_down_0,"target=60%, down=0s",0.6,0,p2,P2 tail alpha=1.5,29,512128,152.7912,-62.78219999999999
125.649,0.00024993751562109475,87.0,3.464383904023994,1.2134354412939765,1.0,5.0,target_60_down_0,"target=60%, down=0s",0.6,0,p3,P3 bucket-flip epsilon=0.05,0,12003,200.841,-75.19200000000001
106.29899999999999,0.00024993751562109475,69.0,2.9270182454386404,1.2238455304679627,1.0,5.0,target_60_down_0,"target=60%, down=0s",0.6,0,p3,P3 bucket-flip epsilon=0.05,1,28007,198.86919999999998,-92.57019999999999
114.804,0.00024993751562109475,63.0,3.1632091977005747,1.2470835153075528,1.0,5.0,target_60_down_0,"target=60%, down=0s",0.6,0,p3,P3 bucket-flip epsilon=0.05,2,36009,214.29749999999996,-99.49349999999995
100.494,0.00024993751562109475,63.0,2.7658085478630343,1.2949793085159875,1.0,5.0,target_60_down_0,"target=60%, down=0s",0.6,0,p3,P3 bucket-flip epsilon=0.05,3,56014,190.3555,-89.8615
118.94399999999999,0.0004998750312421895,73.0,3.253186703324169,1.362045034392852,1.0,5.0,target_60_down_0,"target=60%, down=0s",0.6,0,p3,P3 bucket-flip epsilon=0.05,4,60015,202.20189999999997,-83.25789999999998
120.924,0.00024993751562109475,81.0,3.3331667083229193,1.3437896977441992,1.0,5.0,target_60_down_0,"target=60%, down=0s",0.6,0,p3,P3 bucket-flip epsilon=0.05,5,76019,214.41939999999997,-93.49539999999996
140.589,0.000999750062484379,57.0,3.8042989252686827,1.2159654072601864,1.0,6.0,target_60_down_0,"target=60%, down=0s",0.6,0,p3,P3 bucket-flip epsilon=0.05,6,84021,237.90949999999998,-97.32049999999998
121.05899999999998,0.00024993751562109475,65.0,3.3369157710572357,1.3358567501193763,1.0,5.0,target_60_down_0,"target=60%, down=0s",0.6,0,p3,P3 bucket-flip epsilon=0.05,7,96024,220.6605,-99.60150000000003
119.25900000000001,0.00024993751562109475,61.0,3.2869282679330167,1.3649856375272085,1.0,5.0,target_60_down_0,"target=60%, down=0s",0.6,0,p3,P3 bucket-flip epsilon=0.05,8,116029,217.18059999999997,-97.92159999999996
114.53399999999999,0.00024993751562109475,83.0,3.155711072231942,1.2659373409304604,1.0,5.0,target_60_down_0,"target=60%, down=0s",0.6,0,p3,P3 bucket-flip epsilon=0.05,9,120030,222.3455,-107.8115
112.914,0.00024993751562109475,75.0,3.110722319420145,1.264748040608351,1.0,5.0,target_60_down_0,"target=60%, down=0s",0.6,0,p3,P3 bucket-flip epsilon=0.05,10,148037,209.62449999999998,-96.71049999999998
121.68900000000001,0.00024993751562109475,73.0,3.354411397150712,1.3683541432848116,1.0,5.0,target_60_down_0,"target=60%, down=0s",0.6,0,p3,P3 bucket-flip epsilon=0.05,11,152038,233.73909999999995,-112.05009999999994
117.369,0.0,76.0,3.2594351412146962,1.2799480513291392,1.0,5.0,target_60_down_0,"target=60%, down=0s",0.6,0,p3,P3 bucket-flip epsilon=0.05,12,180045,220.19819999999999,-102.82919999999999
126.32399999999998,0.0007498125468632841,63.0,3.433141714571357,1.3016020168274967,1.0,5.0,target_60_down_0,"target=60%, down=0s",0.6,0,p3,P3 bucket-flip epsilon=0.05,13,184046,210.76399999999995,-84.43999999999997
124.929,0.00024993751562109475,63.0,3.4443889027743064,1.2759553742931309,1.0,5.0,target_60_down_0,"target=60%, down=0s",0.6,0,p3,P3 bucket-flip epsilon=0.05,14,192048,225.31569999999996,-100.38669999999996
122.679,0.00024993751562109475,65.0,3.3819045238690326,1.3065931560601272,1.0,5.0,target_60_down_0,"target=60%, down=0s",0.6,0,p3,P3 bucket-flip epsilon=0.05,15,224056,224.80619999999996,-102.12719999999996
105.129,0.00024993751562109475,79.0,2.894526368407898,1.154140165658633,1.0,5.0,target_60_down_0,"target=60%, down=0s",0.6,0,p3,P3 bucket-flip epsilon=0.05,16,240060,194.10769999999997,-88.97869999999996
107.15400000000001,0.0,63.0,2.9757560609847538,1.0741850939548832,1.0,5.0,target_60_down_0,"target=60%, down=0s",0.6,0,p3,P3 bucket-flip epsilon=0.05,17,248062,185.038,-77.884
113.904,0.00024993751562109475,69.0,3.1382154461384655,1.174860264206452,1.0,5.0,target_60_down_0,"target=60%, down=0s",0.6,0,p3,P3 bucket-flip epsilon=0.05,18,256064,220.04359999999997,-106.13959999999997
100.584,0.0007498125468632841,65.0,2.718320419895026,1.0536172222361762,1.0,5.0,target_60_down_0,"target=60%, down=0s",0.6,0,p3,P3 bucket-flip epsilon=0.05,19,260065,187.67849999999999,-87.09449999999998
114.939,0.00024993751562109475,87.0,3.166958260434891,1.245082492409297,1.0,5.0,target_60_down_0,"target=60%, down=0s",0.6,0,p3,P3 bucket-flip epsilon=0.05,20,276069,212.84449999999998,-97.90549999999999
96.75900000000001,0.00024993751562109475,43.0,2.66208447888028,0.9677553493819966,1.0,4.0,target_60_down_0,"target=60%, down=0s",0.6,0,p3,P3 bucket-flip epsilon=0.05,21,348087,177.72899999999998,-80.96999999999997
100.08900000000001,0.00024993751562109475,59.0,2.754561359660085,1.0442567671543308,1.0,5.0,target_60_down_0,"target=60%, down=0s",0.6,0,p3,P3 bucket-flip epsilon=0.05,22,380095,187.8707,-87.78169999999999
111.159,0.00024993751562109475,67.0,3.0619845038740316,1.1616021826994374,1.0,5.0,target_60_down_0,"target=60%, down=0s",0.6,0,p3,P3 bucket-flip epsilon=0.05,23,392098,210.4859,-99.32689999999998
125.649,0.0,82.0,3.4893776555861034,1.2564055869188469,1.0,5.0,target_60_down_0,"target=60%, down=0s",0.6,0,p3,P3 bucket-flip epsilon=0.05,24,396099,237.5504,-111.9014
112.91399999999999,0.0,68.0,3.1357160709822542,1.2533689839435478,1.0,5.0,target_60_down_0,"target=60%, down=0s",0.6,0,p3,P3 bucket-flip epsilon=0.05,25,432108,243.09390000000002,-130.17990000000003
121.32900000000001,0.00024993751562109475,67.0,3.3444138965258685,1.143250916020885,1.0,5.0,target_60_down_0,"target=60%, down=0s",0.6,0,p3,P3 bucket-flip epsilon=0.05,26,436109,202.13129999999998,-80.80229999999997
122.094,0.00024993751562109475,91.0,3.365658585353662,1.3078924752154577,1.0,5.0,target_60_down_0,"target=60%, down=0s",0.6,0,p3,P3 bucket-flip epsilon=0.05,27,456114,214.68049999999997,-92.58649999999997
110.214,0.00024993751562109475,73.0,3.0357410647338163,1.2895954764237363,1.0,5.0,target_60_down_0,"target=60%, down=0s",0.6,0,p3,P3 bucket-flip epsilon=0.05,28,492123,203.618,-93.404
86.40900000000002,0.00024993751562109475,59.0,2.374656335916021,0.953740076269316,1.0,4.0,target_60_down_0,"target=60%, down=0s",0.6,0,p3,P3 bucket-flip epsilon=0.05,29,512128,158.1235,-71.71449999999999
156.87900000000002,0.00024993751562109475,31.0,4.331667083229193,0.7497192310507736,1.0,5.0,target_60_down_300,"target=60%, down=300s",0.6,300,clean,Clean,0,12003,218.3743,-61.495299999999986
136.314,0.00024993751562109475,29.0,3.7605598600349914,0.8006209078077313,1.0,5.0,target_60_down_300,"target=60%, down=300s",0.6,300,clean,Clean,1,28007,193.74349999999998,-57.42949999999999
145.85399999999998,0.00024993751562109475,35.0,4.025493626593351,0.7922707802731027,1.0,5.0,target_60_down_300,"target=60%, down=300s",0.6,300,clean,Clean,2,36009,201.1453,-55.29130000000001
127.629,0.00024993751562109475,31.0,3.5193701574606346,1.0551819042167345,1.0,5.0,target_60_down_300,"target=60%, down=300s",0.6,300,clean,Clean,3,56014,199.1798,-71.5508
152.964,0.00024993751562109475,39.0,4.222944263934017,0.8373220121940472,1.0,5.0,target_60_down_300,"target=60%, down=300s",0.6,300,clean,Clean,4,60015,216.89069999999998,-63.92669999999998
158.004,0.00024993751562109475,27.0,4.362909272681829,0.7256943405783933,1.0,5.0,target_60_down_300,"target=60%, down=300s",0.6,300,clean,Clean,5,76019,207.0815,-49.077500000000015
167.00400000000002,0.00024993751562109475,27.0,4.6128467883029245,0.8307541036161897,1.0,6.0,target_60_down_300,"target=60%, down=300s",0.6,300,clean,Clean,6,84021,229.52589999999998,-62.52189999999996
150.849,0.00024993751562109475,27.0,4.1642089477630595,0.7969441011481475,1.0,5.0,target_60_down_300,"target=60%, down=300s",0.6,300,clean,Clean,7,96024,222.5847,-71.73570000000001
149.364,0.00024993751562109475,29.0,4.122969257685579,0.8385696044809184,1.0,5.0,target_60_down_300,"target=60%, down=300s",0.6,300,clean,Clean,8,116029,200.50019999999998,-51.136199999999974
151.749,0.00024993751562109475,31.0,4.189202699325168,0.7786474274012996,1.0,5.0,target_60_down_300,"target=60%, down=300s",0.6,300,clean,Clean,9,120030,198.69279999999998,-46.94379999999998
146.529,0.00024993751562109475,31.0,4.0442389402649335,0.7890733601518628,1.0,5.0,target_60_down_300,"target=60%, down=300s",0.6,300,clean,Clean,10,148037,208.0651,-61.536100000000005
157.41899999999998,0.00024993751562109475,33.0,4.3466633341664584,0.7578923991277499,1.0,5.0,target_60_down_300,"target=60%, down=300s",0.6,300,clean,Clean,11,152038,206.97209999999998,-49.5531
142.47899999999998,0.0,32.0,3.9567608097975504,1.011248856098984,1.0,5.0,target_60_down_300,"target=60%, down=300s",0.6,300,clean,Clean,12,180045,209.81920000000002,-67.34020000000004
156.654,0.00024993751562109475,27.0,4.325418645338665,0.6909825372074051,1.0,5.0,target_60_down_300,"target=60%, down=300s",0.6,300,clean,Clean,13,184046,223.47009999999997,-66.81609999999998
157.059,0.00024993751562109475,29.0,4.336665833541614,0.6991105718389239,1.0,5.0,target_60_down_300,"target=60%, down=300s",0.6,300,clean,Clean,14,192048,203.9013,-46.842299999999994
154.67399999999998,0.00024993751562109475,33.0,4.270432391902024,0.7906906728016263,1.0,5.0,target_60_down_300,"target=60%, down=300s",0.6,300,clean,Clean,15,224056,214.37720000000002,-59.70320000000004
140.589,0.00024993751562109475,29.0,3.8792801799550114,0.7000361198447519,1.0,5.0,target_60_down_300,"target=60%, down=300s",0.6,300,clean,Clean,16,240060,192.58999999999997,-52.000999999999976
137.394,0.0,29.0,3.815546113471632,0.8362376663227218,1.0,5.0,target_60_down_300,"target=60%, down=300s",0.6,300,clean,Clean,17,248062,182.12969999999999,-44.73569999999998
149.139,0.00024993751562109475,29.0,4.116720819795051,0.8387174628820436,1.0,5.0,target_60_down_300,"target=60%, down=300s",0.6,300,clean,Clean,18,256064,195.54919999999998,-46.410199999999975
131.67900000000003,0.00024993751562109475,27.0,3.6318420394901274,0.7707316810740212,1.0,5.0,target_60_down_300,"target=60%, down=300s",0.6,300,clean,Clean,19,260065,204.02569999999997,-72.34669999999994
149.904,0.00024993751562109475,31.0,4.137965508622845,0.8627135626250831,1.0,5.0,target_60_down_300,"target=60%, down=300s",0.6,300,clean,Clean,20,276069,209.8825,-59.9785
122.949,0.00024993751562109475,23.0,3.3894026493376654,0.7029965270566533,1.0,4.0,target_60_down_300,"target=60%, down=300s",0.6,300,clean,Clean,21,348087,169.67329999999998,-46.724299999999985
134.109,0.00024993751562109475,27.0,3.6993251687078232,0.7153279813894031,1.0,5.0,target_60_down_300,"target=60%, down=300s",0.6,300,clean,Clean,22,380095,188.1717,-54.06269999999998
148.374,0.00024993751562109475,23.0,4.095476130967258,0.6813706502351538,1.0,5.0,target_60_down_300,"target=60%, down=300s",0.6,300,clean,Clean,23,392098,223.3544,-74.9804
148.689,0.0,24.0,4.129217695576106,0.9342539297458037,1.0,5.0,target_60_down_300,"target=60%, down=300s",0.6,300,clean,Clean,24,396099,235.05129999999997,-86.36229999999998
142.344,0.0,32.0,3.953011747063234,0.9558049807997664,1.0,5.0,target_60_down_300,"target=60%, down=300s",0.6,300,clean,Clean,25,432108,224.47140000000002,-82.12740000000002
151.524,0.00024993751562109475,25.0,4.1829542614346416,0.6499336633194049,1.0,5.0,target_60_down_300,"target=60%, down=300s",0.6,300,clean,Clean,26,436109,197.60339999999997,-46.079399999999964
156.924,0.00024993751562109475,27.0,4.332916770807298,0.7035729966256341,1.0,5.0,target_60_down_300,"target=60%, down=300s",0.6,300,clean,Clean,27,456114,186.01019999999997,-29.086199999999963
145.719,0.00024993751562109475,33.0,4.021744563859035,0.8133951394143318,1.0,5.0,target_60_down_300,"target=60%, down=300s",0.6,300,clean,Clean,28,492123,193.3589,-47.63990000000001
115.43400000000001,0.00024993751562109475,23.0,3.1807048237940516,0.8242680077875519,1.0,4.0,target_60_down_300,"target=60%, down=300s",0.6,300,clean,Clean,29,512128,166.4776,-51.043599999999984
153.909,0.00024993751562109475,27.0,4.249187703074232,0.710643167546732,1.0,5.0,target_60_down_300,"target=60%, down=300s",0.6,300,p1,P1 lag k=10,0,12003,150.3218,3.5871999999999957
138.204,0.00024993751562109475,33.0,3.813046738315421,0.8722668901678333,1.0,5.0,target_60_down_300,"target=60%, down=300s",0.6,300,p1,P1 lag k=10,1,28007,147.01839999999999,-8.814399999999978
143.784,0.00024993751562109475,27.0,3.9680079980005,0.7192683221206218,1.0,5.0,target_60_down_300,"target=60%, down=300s",0.6,300,p1,P1 lag k=10,2,36009,139.5478,4.236199999999997
128.034,0.00024993751562109475,31.0,3.5306173456635843,1.0584633945487454,1.0,5.0,target_60_down_300,"target=60%, down=300s",0.6,300,p1,P1 lag k=10,3,56014,140.99259999999998,-12.95859999999999
155.30399999999997,0.00024993751562109475,41.0,4.287928017995501,0.9315899129315574,1.0,6.0,target_60_down_300,"target=60%, down=300s",0.6,300,p1,P1 lag k=10,4,60015,154.8906,0.41339999999996735
154.764,0.00024993751562109475,27.0,4.272931767058235,0.7492324674428719,1.0,5.0,target_60_down_300,"target=60%, down=300s",0.6,300,p1,P1 lag k=10,5,76019,150.1882,4.575800000000015
163.089,0.00024993751562109475,23.0,4.504123969007748,0.6045280184545369,1.0,5.0,target_60_down_300,"target=60%, down=300s",0.6,300,p1,P1 lag k=10,6,84021,165.3539,-2.2649000000000115
151.119,0.00024993751562109475,27.0,4.171707073231692,0.7953622821598257,1.0,5.0,target_60_down_300,"target=60%, down=300s",0.6,300,p1,P1 lag k=10,7,96024,158.91369999999998,-7.7946999999999775
149.229,0.00024993751562109475,29.0,4.119220194951263,0.8457861155243439,1.0,5.0,target_60_down_300,"target=60%, down=300s",0.6,300,p1,P1 lag k=10,8,116029,159.9548,-10.725799999999992
154.674,0.0012496875781054736,31.0,4.170457385653586,0.8180890528062841,1.0,5.0,target_60_down_300,"target=60%, down=300s",0.6,300,p1,P1 lag k=10,9,120030,150.09120000000001,4.582799999999992
145.584,0.00024993751562109475,27.0,4.017995501124719,0.7684584887081007,1.0,5.0,target_60_down_300,"target=60%, down=300s",0.6,300,p1,P1 lag k=10,10,148037,144.62689999999998,0.9571000000000254
158.81400000000002,0.00024993751562109475,37.0,4.385403649087728,0.7695965329773701,1.0,5.0,target_60_down_300,"target=60%, down=300s",0.6,300,p1,P1 lag k=10,11,152038,168.8005,-9.986499999999978
142.614,0.0,32.0,3.960509872531867,1.0279474553557035,1.0,5.0,target_60_down_300,"target=60%, down=300s",0.6,300,p1,P1 lag k=10,12,180045,172.0389,-29.424900000000008
158.81400000000002,0.00024993751562109475,33.0,4.385403649087728,0.8394943154067697,1.0,6.0,target_60_down_300,"target=60%, down=300s",0.6,300,p1,P1 lag k=10,13,184046,160.5702,-1.7561999999999784
157.059,0.00024993751562109475,29.0,4.336665833541614,0.6991105718389239,1.0,5.0,target_60_down_300,"target=60%, down=300s",0.6,300,p1,P1 lag k=10,14,192048,172.60879999999997,-15.549799999999976
154.80900000000003,0.00024993751562109475,33.0,4.274181454636341,0.7964905126753161,1.0,5.0,target_60_down_300,"target=60%, down=300s",0.6,300,p1,P1 lag k=10,15,224056,162.52759999999998,-7.718599999999952
139.104,0.00024993751562109475,29.0,3.8380404898775304,0.7050803321547567,1.0,5.0,target_60_down_300,"target=60%, down=300s",0.6,300,p1,P1 lag k=10,16,240060,147.40159999999997,-8.29759999999996
140.769,0.0,29.0,3.9092726818295427,0.7802975585032157,1.0,5.0,target_60_down_300,"target=60%, down=300s",0.6,300,p1,P1 lag k=10,17,248062,141.0806,-0.31159999999999854
146.84400000000002,0.00024993751562109475,29.0,4.052986753311672,0.8777807683614145,1.0,5.0,target_60_down_300,"target=60%, down=300s",0.6,300,p1,P1 lag k=10,18,256064,140.1241,6.719900000000024
134.10899999999998,0.00024993751562109475,31.0,3.6993251687078232,0.7511198301463409,1.0,5.0,target_60_down_300,"target=60%, down=300s",0.6,300,p1,P1 lag k=10,19,260065,151.7956,-17.686600000000027
151.434,0.00024993751562109475,29.0,4.18045488627843,0.8474953279776871,1.0,5.0,target_60_down_300,"target=60%, down=300s",0.6,300,p1,P1 lag k=10,20,276069,142.89600000000002,8.537999999999982
117.41400000000002,0.00024993751562109475,19.0,3.235691077230692,0.6775478291439432,1.0,4.0,target_60_down_300,"target=60%, down=300s",0.6,300,p1,P1 lag k=10,21,348087,113.0954,4.318600000000018
133.974,0.00024993751562109475,27.0,3.695576105973507,0.7267536594669102,1.0,5.0,target_60_down_300,"target=60%, down=300s",0.6,300,p1,P1 lag k=10,22,380095,131.6652,2.308799999999991
152.019,0.00024993751562109475,27.0,4.196700824793801,0.7522683270036472,1.0,5.0,target_60_down_300,"target=60%, down=300s",0.6,300,p1,P1 lag k=10,23,392098,162.4286,-10.409599999999983
148.41899999999998,0.0,28.0,4.121719570107473,0.9511595377342644,1.0,5.0,target_60_down_300,"target=60%, down=300s",0.6,300,p1,P1 lag k=10,24,396099,177.0731,-28.654100000000028
141.80399999999997,0.0,32.0,3.9380154961259684,0.9858569786050327,1.0,5.0,target_60_down_300,"target=60%, down=300s",0.6,300,p1,P1 lag k=10,25,432108,160.6234,-18.81940000000003
151.659,0.00024993751562109475,25.0,4.186703324168958,0.6574763002877647,1.0,5.0,target_60_down_300,"target=60%, down=300s",0.6,300,p1,P1 lag k=10,26,436109,137.53480000000002,14.124199999999973
155.709,0.00024993751562109475,31.0,4.29917520619845,0.736604488855358,1.0,5.0,target_60_down_300,"target=60%, down=300s",0.6,300,p1,P1 lag k=10,27,456114,144.30899999999997,11.400000000000034
144.23399999999998,0.00024993751562109475,33.0,3.9805048737815545,0.8111444730747356,1.0,5.0,target_60_down_300,"target=60%, down=300s",0.6,300,p1,P1 lag k=10,28,492123,144.2144,0.01959999999996853
113.54400000000001,0.00024993751562109475,23.0,3.1282179455136214,0.8295384349046956,1.0,4.0,target_60_down_300,"target=60%, down=300s",0.6,300,p1,P1 lag k=10,29,512128,125.5334,-11.98939999999999
156.87900000000002,0.00024993751562109475,31.0,4.331667083229193,0.7497192310507736,1.0,5.0,target_60_down_300,"target=60%, down=300s",0.6,300,p2,P2 tail alpha=1.5,0,12003,242.7613,-85.88229999999999
136.314,0.00024993751562109475,29.0,3.7605598600349914,0.8006209078077313,1.0,5.0,target_60_down_300,"target=60%, down=300s",0.6,300,p2,P2 tail alpha=1.5,1,28007,209.0171,-72.7031
149.454,0.0012496875781054736,35.0,4.025493626593351,0.7922707802731027,1.0,5.0,target_60_down_300,"target=60%, down=300s",0.6,300,p2,P2 tail alpha=1.5,2,36009,260.9325,-111.4785
131.229,0.0012496875781054736,31.0,3.5193701574606346,1.0551819042167345,1.0,5.0,target_60_down_300,"target=60%, down=300s",0.6,300,p2,P2 tail alpha=1.5,3,56014,233.107,-101.87799999999999
154.764,0.0007498125468632841,39.0,4.222944263934017,0.8373220121940472,1.0,5.0,target_60_down_300,"target=60%, down=300s",0.6,300,p2,P2 tail alpha=1.5,4,60015,222.0885,-67.3245
158.004,0.00024993751562109475,27.0,4.362909272681829,0.7256943405783933,1.0,5.0,target_60_down_300,"target=60%, down=300s",0.6,300,p2,P2 tail alpha=1.5,5,76019,236.48680000000002,-78.48280000000003
167.00400000000002,0.00024993751562109475,27.0,4.6128467883029245,0.8307541036161897,1.0,6.0,target_60_down_300,"target=60%, down=300s",0.6,300,p2,P2 tail alpha=1.5,6,84021,241.2127,-74.2087
154.449,0.0012496875781054736,27.0,4.1642089477630595,0.7969441011481475,1.0,5.0,target_60_down_300,"target=60%, down=300s",0.6,300,p2,P2 tail alpha=1.5,7,96024,236.279,-81.82999999999998
151.164,0.0007498125468632841,29.0,4.122969257685579,0.8385696044809184,1.0,5.0,target_60_down_300,"target=60%, down=300s",0.6,300,p2,P2 tail alpha=1.5,8,116029,233.46280000000002,-82.29880000000003
152.649,0.0004998750312421895,31.0,4.189202699325168,0.7786474274012996,1.0,5.0,target_60_down_300,"target=60%, down=300s",0.6,300,p2,P2 tail alpha=1.5,9,120030,227.5058,-74.85679999999999
146.529,0.00024993751562109475,31.0,4.0442389402649335,0.7890733601518628,1.0,5.0,target_60_down_300,"target=60%, down=300s",0.6,300,p2,P2 tail alpha=1.5,10,148037,202.27280000000002,-55.74380000000002
163.719,0.001999500124968758,33.0,4.3466633341664584,0.7578923991277499,1.0,5.0,target_60_down_300,"target=60%, down=300s",0.6,300,p2,P2 tail alpha=1.5,11,152038,228.8056,-65.0866
148.779,0.0017495626093476631,32.0,3.9567608097975504,1.011248856098984,1.0,5.0,target_60_down_300,"target=60%, down=300s",0.6,300,p2,P2 tail alpha=1.5,12,180045,250.4106,-101.63159999999999
156.654,0.00024993751562109475,27.0,4.325418645338665,0.6909825372074051,1.0,5.0,target_60_down_300,"target=60%, down=300s",0.6,300,p2,P2 tail alpha=1.5,13,184046,209.8829,-53.22890000000001
157.059,0.00024993751562109475,29.0,4.336665833541614,0.6991105718389239,1.0,5.0,target_60_down_300,"target=60%, down=300s",0.6,300,p2,P2 tail alpha=1.5,14,192048,210.01300000000003,-52.954000000000036
158.274,0.0012496875781054736,33.0,4.270432391902024,0.7906906728016263,1.0,5.0,target_60_down_300,"target=60%, down=300s",0.6,300,p2,P2 tail alpha=1.5,15,224056,259.8589,-101.5849
140.589,0.00024993751562109475,29.0,3.8792801799550114,0.7000361198447519,1.0,5.0,target_60_down_300,"target=60%, down=300s",0.6,300,p2,P2 tail alpha=1.5,16,240060,221.0752,-80.4862
141.894,0.0012496875781054736,29.0,3.815546113471632,0.8362376663227218,1.0,5.0,target_60_down_300,"target=60%, down=300s",0.6,300,p2,P2 tail alpha=1.5,17,248062,245.59840000000003,-103.70440000000002
150.939,0.0007498125468632841,29.0,4.116720819795051,0.8387174628820436,1.0,5.0,target_60_down_300,"target=60%, down=300s",0.6,300,p2,P2 tail alpha=1.5,18,256064,215.09799999999998,-64.15899999999999
131.67900000000003,0.00024993751562109475,27.0,3.6318420394901274,0.7707316810740212,1.0,5.0,target_60_down_300,"target=60%, down=300s",0.6,300,p2,P2 tail alpha=1.5,19,260065,210.40509999999998,-78.72609999999995
149.904,0.00024993751562109475,31.0,4.137965508622845,0.8627135626250831,1.0,5.0,target_60_down_300,"target=60%, down=300s",0.6,300,p2,P2 tail alpha=1.5,20,276069,235.3126,-85.4086
122.949,0.00024993751562109475,23.0,3.3894026493376654,0.7029965270566533,1.0,4.0,target_60_down_300,"target=60%, down=300s",0.6,300,p2,P2 tail alpha=1.5,21,348087,196.62009999999998,-73.67109999999998
135.90900000000002,0.0007498125468632841,27.0,3.6993251687078232,0.7153279813894031,1.0,5.0,target_60_down_300,"target=60%, down=300s",0.6,300,p2,P2 tail alpha=1.5,22,380095,173.05129999999997,-37.14229999999995
148.374,0.00024993751562109475,23.0,4.095476130967258,0.6813706502351538,1.0,5.0,target_60_down_300,"target=60%, down=300s",0.6,300,p2,P2 tail alpha=1.5,23,392098,225.1208,-76.74680000000001
149.589,0.00024993751562109475,24.0,4.129217695576106,0.9342539297458037,1.0,5.0,target_60_down_300,"target=60%, down=300s",0.6,300,p2,P2 tail alpha=1.5,24,396099,275.64919999999995,-126.06019999999995
142.344,0.0,32.0,3.953011747063234,0.9558049807997664,1.0,5.0,target_60_down_300,"target=60%, down=300s",0.6,300,p2,P2 tail alpha=1.5,25,432108,245.8986,-103.5546
151.524,0.00024993751562109475,25.0,4.1829542614346416,0.6499336633194049,1.0,5.0,target_60_down_300,"target=60%, down=300s",0.6,300,p2,P2 tail alpha=1.5,26,436109,222.99669999999998,-71.47269999999997
156.924,0.00024993751562109475,27.0,4.332916770807298,0.7035729966256341,1.0,5.0,target_60_down_300,"target=60%, down=300s",0.6,300,p2,P2 tail alpha=1.5,27,456114,210.7807,-53.85669999999999
147.519,0.0007498125468632841,33.0,4.021744563859035,0.8133951394143318,1.0,5.0,target_60_down_300,"target=60%, down=300s",0.6,300,p2,P2 tail alpha=1.5,28,492123,214.9373,-67.41829999999999
115.43400000000001,0.00024993751562109475,23.0,3.1807048237940516,0.8242680077875519,1.0,4.0,target_60_down_300,"target=60%, down=300s",0.6,300,p2,P2 tail alpha=1.5,29,512128,152.7912,-37.35719999999999
156.87900000000002,0.00024993751562109475,31.0,4.331667083229193,0.7497192310507736,1.0,5.0,target_60_down_300,"target=60%, down=300s",0.6,300,p3,P3 bucket-flip epsilon=0.05,0,12003,200.841,-43.96199999999999
136.314,0.00024993751562109475,29.0,3.7605598600349914,0.8006209078077313,1.0,5.0,target_60_down_300,"target=60%, down=300s",0.6,300,p3,P3 bucket-flip epsilon=0.05,1,28007,198.86919999999998,-62.555199999999985
145.85399999999998,0.00024993751562109475,35.0,4.025493626593351,0.7922707802731027,1.0,5.0,target_60_down_300,"target=60%, down=300s",0.6,300,p3,P3 bucket-flip epsilon=0.05,2,36009,214.29749999999996,-68.44349999999997
127.629,0.00024993751562109475,31.0,3.5193701574606346,1.0551819042167345,1.0,5.0,target_60_down_300,"target=60%, down=300s",0.6,300,p3,P3 bucket-flip epsilon=0.05,3,56014,190.3555,-62.7265
152.964,0.00024993751562109475,39.0,4.222944263934017,0.8373220121940472,1.0,5.0,target_60_down_300,"target=60%, down=300s",0.6,300,p3,P3 bucket-flip epsilon=0.05,4,60015,202.20189999999997,-49.23789999999997
158.004,0.00024993751562109475,27.0,4.362909272681829,0.7256943405783933,1.0,5.0,target_60_down_300,"target=60%, down=300s",0.6,300,p3,P3 bucket-flip epsilon=0.05,5,76019,214.41939999999997,-56.41539999999998
167.00400000000002,0.00024993751562109475,27.0,4.6128467883029245,0.8307541036161897,1.0,6.0,target_60_down_300,"target=60%, down=300s",0.6,300,p3,P3 bucket-flip epsilon=0.05,6,84021,237.90949999999998,-70.90549999999996
150.849,0.00024993751562109475,27.0,4.1642089477630595,0.7969441011481475,1.0,5.0,target_60_down_300,"target=60%, down=300s",0.6,300,p3,P3 bucket-flip epsilon=0.05,7,96024,220.6605,-69.81150000000002
149.364,0.00024993751562109475,29.0,4.122969257685579,0.8385696044809184,1.0,5.0,target_60_down_300,"target=60%, down=300s",0.6,300,p3,P3 bucket-flip epsilon=0.05,8,116029,217.18059999999997,-67.81659999999997
151.749,0.00024993751562109475,31.0,4.189202699325168,0.7786474274012996,1.0,5.0,target_60_down_300,"target=60%, down=300s",0.6,300,p3,P3 bucket-flip epsilon=0.05,9,120030,222.3455,-70.59649999999999
146.529,0.00024993751562109475,31.0,4.0442389402649335,0.7890733601518628,1.0,5.0,target_60_down_300,"target=60%, down=300s",0.6,300,p3,P3 bucket-flip epsilon=0.05,10,148037,209.62449999999998,-63.09549999999999
157.41899999999998,0.00024993751562109475,33.0,4.3466633341664584,0.7578923991277499,1.0,5.0,target_60_down_300,"target=60%, down=300s",0.6,300,p3,P3 bucket-flip epsilon=0.05,11,152038,233.73909999999995,-76.32009999999997
142.47899999999998,0.0,32.0,3.9567608097975504,1.011248856098984,1.0,5.0,target_60_down_300,"target=60%, down=300s",0.6,300,p3,P3 bucket-flip epsilon=0.05,12,180045,220.19819999999999,-77.7192
156.654,0.00024993751562109475,27.0,4.325418645338665,0.6909825372074051,1.0,5.0,target_60_down_300,"target=60%, down=300s",0.6,300,p3,P3 bucket-flip epsilon=0.05,13,184046,210.76399999999995,-54.10999999999996
157.059,0.00024993751562109475,29.0,4.336665833541614,0.6991105718389239,1.0,5.0,target_60_down_300,"target=60%, down=300s",0.6,300,p3,P3 bucket-flip epsilon=0.05,14,192048,225.31569999999996,-68.25669999999997
154.67399999999998,0.00024993751562109475,33.0,4.270432391902024,0.7906906728016263,1.0,5.0,target_60_down_300,"target=60%, down=300s",0.6,300,p3,P3 bucket-flip epsilon=0.05,15,224056,224.80619999999996,-70.13219999999998
140.589,0.00024993751562109475,29.0,3.8792801799550114,0.7000361198447519,1.0,5.0,target_60_down_300,"target=60%, down=300s",0.6,300,p3,P3 bucket-flip epsilon=0.05,16,240060,194.10769999999997,-53.51869999999997
137.394,0.0,29.0,3.815546113471632,0.8362376663227218,1.0,5.0,target_60_down_300,"target=60%, down=300s",0.6,300,p3,P3 bucket-flip epsilon=0.05,17,248062,185.038,-47.644000000000005
149.139,0.00024993751562109475,29.0,4.116720819795051,0.8387174628820436,1.0,5.0,target_60_down_300,"target=60%, down=300s",0.6,300,p3,P3 bucket-flip epsilon=0.05,18,256064,220.04359999999997,-70.90459999999996
131.67900000000003,0.00024993751562109475,27.0,3.6318420394901274,0.7707316810740212,1.0,5.0,target_60_down_300,"target=60%, down=300s",0.6,300,p3,P3 bucket-flip epsilon=0.05,19,260065,187.67849999999999,-55.999499999999955
149.904,0.00024993751562109475,31.0,4.137965508622845,0.8627135626250831,1.0,5.0,target_60_down_300,"target=60%, down=300s",0.6,300,p3,P3 bucket-flip epsilon=0.05,20,276069,212.84449999999998,-62.940499999999986
122.949,0.00024993751562109475,23.0,3.3894026493376654,0.7029965270566533,1.0,4.0,target_60_down_300,"target=60%, down=300s",0.6,300,p3,P3 bucket-flip epsilon=0.05,21,348087,177.72899999999998,-54.77999999999999
134.109,0.00024993751562109475,27.0,3.6993251687078232,0.7153279813894031,1.0,5.0,target_60_down_300,"target=60%, down=300s",0.6,300,p3,P3 bucket-flip epsilon=0.05,22,380095,187.8707,-53.76169999999999
148.374,0.00024993751562109475,23.0,4.095476130967258,0.6813706502351538,1.0,5.0,target_60_down_300,"target=60%, down=300s",0.6,300,p3,P3 bucket-flip epsilon=0.05,23,392098,210.4859,-62.11189999999999
148.689,0.0,24.0,4.129217695576106,0.9342539297458037,1.0,5.0,target_60_down_300,"target=60%, down=300s",0.6,300,p3,P3 bucket-flip epsilon=0.05,24,396099,237.5504,-88.8614
142.344,0.0,32.0,3.953011747063234,0.9558049807997664,1.0,5.0,target_60_down_300,"target=60%, down=300s",0.6,300,p3,P3 bucket-flip epsilon=0.05,25,432108,243.09390000000002,-100.74990000000003
151.524,0.00024993751562109475,25.0,4.1829542614346416,0.6499336633194049,1.0,5.0,target_60_down_300,"target=60%, down=300s",0.6,300,p3,P3 bucket-flip epsilon=0.05,26,436109,202.13129999999998,-50.60729999999998
156.924,0.00024993751562109475,27.0,4.332916770807298,0.7035729966256341,1.0,5.0,target_60_down_300,"target=60%, down=300s",0.6,300,p3,P3 bucket-flip epsilon=0.05,27,456114,214.68049999999997,-57.75649999999996
145.719,0.00024993751562109475,33.0,4.021744563859035,0.8133951394143318,1.0,5.0,target_60_down_300,"target=60%, down=300s",0.6,300,p3,P3 bucket-flip epsilon=0.05,28,492123,203.618,-57.899
115.43400000000001,0.00024993751562109475,23.0,3.1807048237940516,0.8242680077875519,1.0,4.0,target_60_down_300,"target=60%, down=300s",0.6,300,p3,P3 bucket-flip epsilon=0.05,29,512128,158.1235,-42.689499999999995
116.73900000000002,0.0024993751562109472,47.0,2.992001999500125,1.0286746196576055,1.0,5.0,target_70_down_0,"target=70%, down=0s",0.7,0,clean,Clean,0,12003,218.3743,-101.63529999999999
97.209,0.001999500124968758,37.0,2.4996250937265683,0.9875821635579002,1.0,4.0,target_70_down_0,"target=70%, down=0s",0.7,0,clean,Clean,1,28007,193.74349999999998,-96.53449999999998
107.334,0.001999500124968758,61.0,2.7808047988003,1.0765229801101737,1.0,5.0,target_70_down_0,"target=70%, down=0s",0.7,0,clean,Clean,2,36009,201.1453,-93.81129999999999
93.24900000000001,0.0017495626093476631,35.0,2.414646338415396,1.040675107789276,1.0,4.0,target_70_down_0,"target=70%, down=0s",0.7,0,clean,Clean,3,56014,199.1798,-105.93079999999999
106.56899999999999,0.0012496875781054736,65.0,2.8345413646588353,1.137230527436238,1.0,5.0,target_70_down_0,"target=70%, down=0s",0.7,0,clean,Clean,4,60015,216.89069999999998,-110.32169999999999
106.929,0.0007498125468632841,63.0,2.894526368407898,1.1508872214591244,1.0,5.0,target_70_down_0,"target=70%, down=0s",0.7,0,clean,Clean,5,76019,207.0815,-100.1525
122.679,0.000999750062484379,63.0,3.3069232691827044,1.080038395441108,1.0,5.0,target_70_down_0,"target=70%, down=0s",0.7,0,clean,Clean,6,84021,229.52589999999998,-106.84689999999998
107.829,0.000999750062484379,57.0,2.894526368407898,1.1178372608888896,1.0,5.0,target_70_down_0,"target=70%, down=0s",0.7,0,clean,Clean,7,96024,222.5847,-114.7557
104.364,0.0007498125468632841,51.0,2.823294176455886,1.107118249323026,1.0,5.0,target_70_down_0,"target=70%, down=0s",0.7,0,clean,Clean,8,116029,200.50019999999998,-96.13619999999997
104.229,0.0012496875781054736,47.0,2.7695576105973507,1.0075362261134617,1.0,4.0,target_70_down_0,"target=70%, down=0s",0.7,0,clean,Clean,9,120030,198.69279999999998,-94.46379999999998
100.62900000000002,0.0012496875781054736,43.0,2.669582604348913,1.0156471660699051,1.0,4.0,target_70_down_0,"target=70%, down=0s",0.7,0,clean,Clean,10,148037,208.0651,-107.43609999999998
105.26400000000001,0.00024993751562109475,85.0,2.8982754311422143,1.1131440844205884,1.0,5.0,target_70_down_0,"target=70%, down=0s",0.7,0,clean,Clean,11,152038,206.97209999999998,-101.70809999999997
109.49400000000001,0.002749312671832042,58.0,2.7658085478630343,1.0342259165797794,1.0,4.0,target_70_down_0,"target=70%, down=0s",0.7,0,clean,Clean,12,180045,209.81920000000002,-100.32520000000001
115.614,0.002749312671832042,67.0,2.935766058485379,1.0537292740129969,1.0,5.0,target_70_down_0,"target=70%, down=0s",0.7,0,clean,Clean,13,184046,223.47009999999997,-107.85609999999997
110.16900000000001,0.0012496875781054736,57.0,2.9345163709072732,1.0314770167509333,1.0,4.0,target_70_down_0,"target=70%, down=0s",0.7,0,clean,Clean,14,192048,203.9013,-93.73229999999998
104.319,0.00024993751562109475,65.0,2.8720319920019994,1.0280349609843065,1.0,4.0,target_70_down_0,"target=70%, down=0s",0.7,0,clean,Clean,15,224056,214.37720000000002,-110.05820000000001
108.099,0.003999000249937516,61.0,2.602099475131217,1.0098913906688123,1.0,4.0,target_70_down_0,"target=70%, down=0s",0.7,0,clean,Clean,16,240060,192.58999999999997,-84.49099999999997
95.94900000000001,0.0,44.0,2.664583854036491,0.8850265900033678,1.0,4.0,target_70_down_0,"target=70%, down=0s",0.7,0,clean,Clean,17,248062,182.12969999999999,-86.18069999999997
105.894,0.0014996250937265683,53.0,2.7908022994251436,0.9915793330648188,1.0,5.0,target_70_down_0,"target=70%, down=0s",0.7,0,clean,Clean,18,256064,195.54919999999998,-89.65519999999998
92.75400000000002,0.0007498125468632841,43.0,2.500874781304674,0.9302394305859132,1.0,4.0,target_70_down_0,"target=70%, down=0s",0.7,0,clean,Clean,19,260065,204.02569999999997,-111.27169999999995
102.024,0.00024993751562109475,51.0,2.8082979255186205,1.030885757907602,1.0,4.0,target_70_down_0,"target=70%, down=0s",0.7,0,clean,Clean,20,276069,209.8825,-107.85849999999999
86.49900000000002,0.00024993751562109475,47.0,2.377155711072232,0.880496558454738,1.0,4.0,target_70_down_0,"target=70%, down=0s",0.7,0,clean,Clean,21,348087,169.67329999999998,-83.17429999999996
94.73400000000001,0.0014996250937265683,53.0,2.480879780054986,0.9205894603757491,1.0,4.0,target_70_down_0,"target=70%, down=0s",0.7,0,clean,Clean,22,380095,188.1717,-93.43769999999998
106.07400000000001,0.0022494376405898524,41.0,2.7208197950512374,0.970336817493396,1.0,4.0,target_70_down_0,"target=70%, down=0s",0.7,0,clean,Clean,23,392098,223.3544,-117.28039999999999
106.65900000000002,0.0004998750312421895,54.0,2.9120219945013748,0.9964987120389805,1.0,5.0,target_70_down_0,"target=70%, down=0s",0.7,0,clean,Clean,24,396099,235.05129999999997,-128.39229999999995
105.534,0.0022494376405898524,42.0,2.7058235441139713,0.9926944229223869,1.0,4.0,target_70_down_0,"target=70%, down=0s",0.7,0,clean,Clean,25,432108,224.47140000000002,-118.93740000000001
107.199,0.0007498125468632841,59.0,2.9020244938765307,0.9636733024430219,1.0,4.0,target_70_down_0,"target=70%, down=0s",0.7,0,clean,Clean,26,436109,197.60339999999997,-90.40439999999997
107.19900000000001,0.0014996250937265683,49.0,2.8270432391902025,1.0287438465937129,1.0,5.0,target_70_down_0,"target=70%, down=0s",0.7,0,clean,Clean,27,456114,186.01019999999997,-78.81119999999996
97.74900000000001,0.0007498125468632841,41.0,2.6395901024743815,1.0238701843512261,1.0,4.0,target_70_down_0,"target=70%, down=0s",0.7,0,clean,Clean,28,492123,193.3589,-95.6099
79.25400000000002,0.00024993751562109475,39.0,2.175956010997251,0.854604677482981,1.0,4.0,target_70_down_0,"target=70%, down=0s",0.7,0,clean,Clean,29,512128,166.4776,-87.22359999999998
129.429,0.006248437890527368,51.0,2.9695076230942266,0.9797091532685221,1.0,4.0,target_70_down_0,"target=70%, down=0s",0.7,0,p1,P1 lag k=10,0,12003,150.3218,-20.892799999999994
93.87900000000002,0.00024993751562109475,49.0,2.5821044738815297,0.9955259424580319,1.0,4.0,target_70_down_0,"target=70%, down=0s",0.7,0,p1,P1 lag k=10,1,28007,147.01839999999999,-53.139399999999966
122.994,0.006498375406148463,61.0,2.7658085478630343,1.0941167120065587,1.0,5.0,target_70_down_0,"target=70%, down=0s",0.7,0,p1,P1 lag k=10,2,36009,139.5478,-16.553799999999995
99.594,0.0032491877030742314,51.0,2.4408897775556113,1.0743737889293423,1.0,4.0,target_70_down_0,"target=70%, down=0s",0.7,0,p1,P1 lag k=10,3,56014,140.99259999999998,-41.39859999999999
133.97400000000002,0.008747813046738315,69.0,2.8457885528617846,1.1567749790650221,1.0,5.0,target_70_down_0,"target=70%, down=0s",0.7,0,p1,P1 lag k=10,4,60015,154.8906,-20.91659999999999
119.66400000000002,0.00424893776555861,55.0,2.8982754311422143,1.1097709796223352,1.0,5.0,target_70_down_0,"target=70%, down=0s",0.7,0,p1,P1 lag k=10,5,76019,150.1882,-30.52419999999998
130.464,0.0024993751562109472,89.0,3.3731567108222946,1.110252715561856,1.0,5.0,target_70_down_0,"target=70%, down=0s",0.7,0,p1,P1 lag k=10,6,84021,165.3539,-34.88990000000001
134.964,0.00849787553111722,69.0,2.8982754311422143,1.1265355096733887,1.0,5.0,target_70_down_0,"target=70%, down=0s",0.7,0,p1,P1 lag k=10,7,96024,158.91369999999998,-23.94969999999998
115.38900000000001,0.0032491877030742314,63.0,2.8795301174706323,1.146147881127849,1.0,5.0,target_70_down_0,"target=70%, down=0s",0.7,0,p1,P1 lag k=10,8,116029,159.9548,-44.565799999999996
124.614,0.007248187953011747,39.0,2.735816045988503,0.9897951639282887,1.0,4.0,target_70_down_0,"target=70%, down=0s",0.7,0,p1,P1 lag k=10,9,120030,150.09120000000001,-25.47720000000001
108.144,0.003749062734316421,35.0,2.6283429142714323,0.9918873515933361,1.0,4.0,target_70_down_0,"target=70%, down=0s",0.7,0,p1,P1 lag k=10,10,148037,144.62689999999998,-36.48289999999997
125.10900000000002,0.005998500374906273,55.0,2.8745313671582102,1.0931399488818416,1.0,4.0,target_70_down_0,"target=70%, down=0s",0.7,0,p1,P1 lag k=10,11,152038,168.8005,-43.69149999999998
116.96400000000001,0.0047488127968008,54.0,2.773306673331667,1.0466964196123194,1.0,5.0,target_70_down_0,"target=70%, down=0s",0.7,0,p1,P1 lag k=10,12,180045,172.0389,-55.0749
130.554,0.006748312921769558,67.0,2.9507623094226445,1.0791357237444694,1.0,4.0,target_70_down_0,"target=70%, down=0s",0.7,0,p1,P1 lag k=10,13,184046,160.5702,-30.016199999999998
124.65900000000002,0.005498625343664084,53.0,2.9120219945013748,1.0298023171041337,1.0,4.0,target_70_down_0,"target=70%, down=0s",0.7,0,p1,P1 lag k=10,14,192048,172.60879999999997,-47.949799999999954
107.244,0.0012496875781054736,57.0,2.8532866783304174,1.0418485772560742,1.0,5.0,target_70_down_0,"target=70%, down=0s",0.7,0,p1,P1 lag k=10,15,224056,162.52759999999998,-55.28359999999998
122.769,0.007998000499875032,49.0,2.6095976005998502,1.001647162814605,1.0,4.0,target_70_down_0,"target=70%, down=0s",0.7,0,p1,P1 lag k=10,16,240060,147.40159999999997,-24.632599999999968
96.12900000000002,0.0004998750312421895,44.0,2.619595101224694,0.8535653417096163,1.0,4.0,target_70_down_0,"target=70%, down=0s",0.7,0,p1,P1 lag k=10,17,248062,141.0806,-44.951599999999985
121.41900000000001,0.005998500374906273,53.0,2.7720569857535615,0.9968854235141109,1.0,4.0,target_70_down_0,"target=70%, down=0s",0.7,0,p1,P1 lag k=10,18,256064,140.1241,-18.705099999999987
102.879,0.003749062734316421,47.0,2.482129467633092,0.9340904308474055,1.0,4.0,target_70_down_0,"target=70%, down=0s",0.7,0,p1,P1 lag k=10,19,260065,151.7956,-48.9166
118.179,0.0049987503124218945,47.0,2.7820544863784056,1.016479006491444,1.0,4.0,target_70_down_0,"target=70%, down=0s",0.7,0,p1,P1 lag k=10,20,276069,142.89600000000002,-24.717000000000013
98.33400000000002,0.003749062734316421,45.0,2.355911022244439,0.9025475212275315,1.0,4.0,target_70_down_0,"target=70%, down=0s",0.7,0,p1,P1 lag k=10,21,348087,113.0954,-14.76139999999998
99.41400000000002,0.0024993751562109472,45.0,2.5108722819295175,0.9207238081266844,1.0,4.0,target_70_down_0,"target=70%, down=0s",0.7,0,p1,P1 lag k=10,22,380095,131.6652,-32.25119999999998
122.18400000000003,0.006498375406148463,37.0,2.743314171457136,0.9610489112262587,1.0,4.0,target_70_down_0,"target=70%, down=0s",0.7,0,p1,P1 lag k=10,23,392098,162.4286,-40.24459999999996
110.52900000000001,0.0014996250937265683,50.0,2.9195201199700076,1.0008850717868931,1.0,5.0,target_70_down_0,"target=70%, down=0s",0.7,0,p1,P1 lag k=10,24,396099,177.0731,-66.5441
124.209,0.007248187953011747,46.0,2.724568857785554,1.0148207994548437,1.0,4.0,target_70_down_0,"target=70%, down=0s",0.7,0,p1,P1 lag k=10,25,432108,160.6234,-36.4144
142.389,0.010747313171707074,63.0,2.8795301174706323,0.9650132468073083,1.0,4.0,target_70_down_0,"target=70%, down=0s",0.7,0,p1,P1 lag k=10,26,436109,137.53480000000002,4.854199999999992
112.73400000000001,0.0029992501874531365,57.0,2.830792301924519,1.0456281664794091,1.0,5.0,target_70_down_0,"target=70%, down=0s",0.7,0,p1,P1 lag k=10,27,456114,144.30899999999997,-31.57499999999996
115.56900000000002,0.005998500374906273,37.0,2.6095976005998502,1.0201900147118244,1.0,4.0,target_70_down_0,"target=70%, down=0s",0.7,0,p1,P1 lag k=10,28,492123,144.2144,-28.645399999999995
87.35400000000001,0.0024993751562109472,31.0,2.175956010997251,0.8589803724442269,1.0,3.0,target_70_down_0,"target=70%, down=0s",0.7,0,p1,P1 lag k=10,29,512128,125.5334,-38.17939999999999
167.139,0.016495876030992253,47.0,2.992001999500125,1.0286746196576055,1.0,5.0,target_70_down_0,"target=70%, down=0s",0.7,0,p2,P2 tail alpha=1.5,0,12003,242.7613,-75.6223
201.609,0.030992251937015745,37.0,2.4996250937265683,0.9875821635579002,1.0,4.0,target_70_down_0,"target=70%, down=0s",0.7,0,p2,P2 tail alpha=1.5,1,28007,209.0171,-7.40809999999999
168.534,0.0189952511872032,61.0,2.7808047988003,1.0765229801101737,1.0,5.0,target_70_down_0,"target=70%, down=0s",0.7,0,p2,P2 tail alpha=1.5,2,36009,260.9325,-92.39850000000001
149.949,0.01749562609347663,35.0,2.414646338415396,1.040675107789276,1.0,4.0,target_70_down_0,"target=70%, down=0s",0.7,0,p2,P2 tail alpha=1.5,3,56014,233.107,-83.15799999999999
179.469,0.021494626343414147,65.0,2.8345413646588353,1.137230527436238,1.0,5.0,target_70_down_0,"target=70%, down=0s",0.7,0,p2,P2 tail alpha=1.5,4,60015,222.0885,-42.619500000000016
189.729,0.023744063984004,63.0,2.894526368407898,1.1508872214591244,1.0,5.0,target_70_down_0,"target=70%, down=0s",0.7,0,p2,P2 tail alpha=1.5,5,76019,236.48680000000002,-46.7578
245.97899999999998,0.03524118970257436,63.0,3.3069232691827044,1.080038395441108,1.0,5.0,target_70_down_0,"target=70%, down=0s",0.7,0,p2,P2 tail alpha=1.5,6,84021,241.2127,4.766299999999973
176.229,0.019995001249687578,57.0,2.894526368407898,1.1178372608888896,1.0,5.0,target_70_down_0,"target=70%, down=0s",0.7,0,p2,P2 tail alpha=1.5,7,96024,236.279,-60.04999999999998
147.564,0.01274681329667583,51.0,2.823294176455886,1.107118249323026,1.0,5.0,target_70_down_0,"target=70%, down=0s",0.7,0,p2,P2 tail alpha=1.5,8,116029,233.46280000000002,-85.89880000000002
141.12900000000002,0.011497125718570358,47.0,2.7695576105973507,1.0075362261134617,1.0,4.0,target_70_down_0,"target=70%, down=0s",0.7,0,p2,P2 tail alpha=1.5,9,120030,227.5058,-86.37679999999997
160.029,0.017745563609097726,43.0,2.669582604348913,1.0156471660699051,1.0,4.0,target_70_down_0,"target=70%, down=0s",0.7,0,p2,P2 tail alpha=1.5,10,148037,202.27280000000002,-42.24380000000002
168.264,0.017745563609097726,85.0,2.8982754311422143,1.1131440844205884,1.0,5.0,target_70_down_0,"target=70%, down=0s",0.7,0,p2,P2 tail alpha=1.5,11,152038,228.8056,-60.54159999999999
185.99400000000003,0.023994001499625092,58.0,2.7658085478630343,1.0342259165797794,1.0,4.0,target_70_down_0,"target=70%, down=0s",0.7,0,p2,P2 tail alpha=1.5,12,180045,250.4106,-64.41659999999996
184.914,0.021994501374656337,67.0,2.935766058485379,1.0537292740129969,1.0,5.0,target_70_down_0,"target=70%, down=0s",0.7,0,p2,P2 tail alpha=1.5,13,184046,209.8829,-24.96890000000002
147.96900000000002,0.011747063234191453,57.0,2.9345163709072732,1.0314770167509333,1.0,4.0,target_70_down_0,"target=70%, down=0s",0.7,0,p2,P2 tail alpha=1.5,14,192048,210.01300000000003,-62.04400000000001
179.91899999999998,0.02124468882779305,65.0,2.8720319920019994,1.0280349609843065,1.0,4.0,target_70_down_0,"target=70%, down=0s",0.7,0,p2,P2 tail alpha=1.5,15,224056,259.8589,-79.93990000000002
178.299,0.023494126468382906,61.0,2.602099475131217,1.0098913906688123,1.0,4.0,target_70_down_0,"target=70%, down=0s",0.7,0,p2,P2 tail alpha=1.5,16,240060,221.0752,-42.77619999999999
129.24900000000002,0.009247688077980504,44.0,2.664583854036491,0.8850265900033678,1.0,4.0,target_70_down_0,"target=70%, down=0s",0.7,0,p2,P2 tail alpha=1.5,17,248062,245.59840000000003,-116.3494
186.894,0.023994001499625092,53.0,2.7908022994251436,0.9915793330648188,1.0,5.0,target_70_down_0,"target=70%, down=0s",0.7,0,p2,P2 tail alpha=1.5,18,256064,215.09799999999998,-28.20399999999998
123.35400000000001,0.009247688077980504,43.0,2.500874781304674,0.9302394305859132,1.0,4.0,target_70_down_0,"target=70%, down=0s",0.7,0,p2,P2 tail alpha=1.5,19,260065,210.40509999999998,-87.05109999999996
156.024,0.015246188452886777,51.0,2.8082979255186205,1.030885757907602,1.0,4.0,target_70_down_0,"target=70%, down=0s",0.7,0,p2,P2 tail alpha=1.5,20,276069,235.3126,-79.2886
139.599,0.014996250937265684,47.0,2.377155711072232,0.880496558454738,1.0,4.0,target_70_down_0,"target=70%, down=0s",0.7,0,p2,P2 tail alpha=1.5,21,348087,196.62009999999998,-57.02109999999999
181.13400000000004,0.02549362659335166,53.0,2.480879780054986,0.9205894603757491,1.0,4.0,target_70_down_0,"target=70%, down=0s",0.7,0,p2,P2 tail alpha=1.5,22,380095,173.05129999999997,8.082700000000074
166.37400000000002,0.0189952511872032,41.0,2.7208197950512374,0.970336817493396,1.0,4.0,target_70_down_0,"target=70%, down=0s",0.7,0,p2,P2 tail alpha=1.5,23,392098,225.1208,-58.74679999999998
155.25900000000001,0.013996500874781305,54.0,2.9120219945013748,0.9964987120389805,1.0,5.0,target_70_down_0,"target=70%, down=0s",0.7,0,p2,P2 tail alpha=1.5,24,396099,275.64919999999995,-120.39019999999994
169.43400000000003,0.019995001249687578,42.0,2.7058235441139713,0.9926944229223869,1.0,4.0,target_70_down_0,"target=70%, down=0s",0.7,0,p2,P2 tail alpha=1.5,25,432108,245.8986,-76.46459999999996
175.59900000000002,0.019745063734066485,59.0,2.9020244938765307,0.9636733024430219,1.0,4.0,target_70_down_0,"target=70%, down=0s",0.7,0,p2,P2 tail alpha=1.5,26,436109,222.99669999999998,-47.39769999999996
171.99900000000002,0.01949512621844539,49.0,2.8270432391902025,1.0287438465937129,1.0,5.0,target_70_down_0,"target=70%, down=0s",0.7,0,p2,P2 tail alpha=1.5,27,456114,210.7807,-38.78169999999997
168.849,0.020494876280929768,41.0,2.6395901024743815,1.0238701843512261,1.0,4.0,target_70_down_0,"target=70%, down=0s",0.7,0,p2,P2 tail alpha=1.5,28,492123,214.9373,-46.088300000000004
112.554,0.0094976255936016,39.0,2.175956010997251,0.854604677482981,1.0,4.0,target_70_down_0,"target=70%, down=0s",0.7,0,p2,P2 tail alpha=1.5,29,512128,152.7912,-40.2372
116.73900000000002,0.0024993751562109472,47.0,2.992001999500125,1.0286746196576055,1.0,5.0,target_70_down_0,"target=70%, down=0s",0.7,0,p3,P3 bucket-flip epsilon=0.05,0,12003,200.841,-84.10199999999999
97.209,0.001999500124968758,37.0,2.4996250937265683,0.9875821635579002,1.0,4.0,target_70_down_0,"target=70%, down=0s",0.7,0,p3,P3 bucket-flip epsilon=0.05,1,28007,198.86919999999998,-101.66019999999997
107.334,0.001999500124968758,61.0,2.7808047988003,1.0765229801101737,1.0,5.0,target_70_down_0,"target=70%, down=0s",0.7,0,p3,P3 bucket-flip epsilon=0.05,2,36009,214.29749999999996,-106.96349999999995
93.24900000000001,0.0017495626093476631,35.0,2.414646338415396,1.040675107789276,1.0,4.0,target_70_down_0,"target=70%, down=0s",0.7,0,p3,P3 bucket-flip epsilon=0.05,3,56014,190.3555,-97.1065
106.56899999999999,0.0012496875781054736,65.0,2.8345413646588353,1.137230527436238,1.0,5.0,target_70_down_0,"target=70%, down=0s",0.7,0,p3,P3 bucket-flip epsilon=0.05,4,60015,202.20189999999997,-95.63289999999998
106.929,0.0007498125468632841,63.0,2.894526368407898,1.1508872214591244,1.0,5.0,target_70_down_0,"target=70%, down=0s",0.7,0,p3,P3 bucket-flip epsilon=0.05,5,76019,214.41939999999997,-107.49039999999997
122.679,0.000999750062484379,63.0,3.3069232691827044,1.080038395441108,1.0,5.0,target_70_down_0,"target=70%, down=0s",0.7,0,p3,P3 bucket-flip epsilon=0.05,6,84021,237.90949999999998,-115.23049999999998
107.829,0.000999750062484379,57.0,2.894526368407898,1.1178372608888896,1.0,5.0,target_70_down_0,"target=70%, down=0s",0.7,0,p3,P3 bucket-flip epsilon=0.05,7,96024,220.6605,-112.83150000000002
104.364,0.0007498125468632841,51.0,2.823294176455886,1.107118249323026,1.0,5.0,target_70_down_0,"target=70%, down=0s",0.7,0,p3,P3 bucket-flip epsilon=0.05,8,116029,217.18059999999997,-112.81659999999997
104.229,0.0012496875781054736,47.0,2.7695576105973507,1.0075362261134617,1.0,4.0,target_70_down_0,"target=70%, down=0s",0.7,0,p3,P3 bucket-flip epsilon=0.05,9,120030,222.3455,-118.11649999999999
100.62900000000002,0.0012496875781054736,43.0,2.669582604348913,1.0156471660699051,1.0,4.0,target_70_down_0,"target=70%, down=0s",0.7,0,p3,P3 bucket-flip epsilon=0.05,10,148037,209.62449999999998,-108.99549999999996
105.26400000000001,0.00024993751562109475,85.0,2.8982754311422143,1.1131440844205884,1.0,5.0,target_70_down_0,"target=70%, down=0s",0.7,0,p3,P3 bucket-flip epsilon=0.05,11,152038,233.73909999999995,-128.47509999999994
109.49400000000001,0.002749312671832042,58.0,2.7658085478630343,1.0342259165797794,1.0,4.0,target_70_down_0,"target=70%, down=0s",0.7,0,p3,P3 bucket-flip epsilon=0.05,12,180045,220.19819999999999,-110.70419999999997
115.614,0.002749312671832042,67.0,2.935766058485379,1.0537292740129969,1.0,5.0,target_70_down_0,"target=70%, down=0s",0.7,0,p3,P3 bucket-flip epsilon=0.05,13,184046,210.76399999999995,-95.14999999999995
110.16900000000001,0.0012496875781054736,57.0,2.9345163709072732,1.0314770167509333,1.0,4.0,target_70_down_0,"target=70%, down=0s",0.7,0,p3,P3 bucket-flip epsilon=0.05,14,192048,225.31569999999996,-115.14669999999995
104.319,0.00024993751562109475,65.0,2.8720319920019994,1.0280349609843065,1.0,4.0,target_70_down_0,"target=70%, down=0s",0.7,0,p3,P3 bucket-flip epsilon=0.05,15,224056,224.80619999999996,-120.48719999999996
108.099,0.003999000249937516,61.0,2.602099475131217,1.0098913906688123,1.0,4.0,target_70_down_0,"target=70%, down=0s",0.7,0,p3,P3 bucket-flip epsilon=0.05,16,240060,194.10769999999997,-86.00869999999996
95.94900000000001,0.0,44.0,2.664583854036491,0.8850265900033678,1.0,4.0,target_70_down_0,"target=70%, down=0s",0.7,0,p3,P3 bucket-flip epsilon=0.05,17,248062,185.038,-89.089
105.894,0.0014996250937265683,53.0,2.7908022994251436,0.9915793330648188,1.0,5.0,target_70_down_0,"target=70%, down=0s",0.7,0,p3,P3 bucket-flip epsilon=0.05,18,256064,220.04359999999997,-114.14959999999996
92.75400000000002,0.0007498125468632841,43.0,2.500874781304674,0.9302394305859132,1.0,4.0,target_70_down_0,"target=70%, down=0s",0.7,0,p3,P3 bucket-flip epsilon=0.05,19,260065,187.67849999999999,-94.92449999999997
102.024,0.00024993751562109475,51.0,2.8082979255186205,1.030885757907602,1.0,4.0,target_70_down_0,"target=70%, down=0s",0.7,0,p3,P3 bucket-flip epsilon=0.05,20,276069,212.84449999999998,-110.82049999999998
86.49900000000002,0.00024993751562109475,47.0,2.377155711072232,0.880496558454738,1.0,4.0,target_70_down_0,"target=70%, down=0s",0.7,0,p3,P3 bucket-flip epsilon=0.05,21,348087,177.72899999999998,-91.22999999999996
94.73400000000001,0.0014996250937265683,53.0,2.480879780054986,0.9205894603757491,1.0,4.0,target_70_down_0,"target=70%, down=0s",0.7,0,p3,P3 bucket-flip epsilon=0.05,22,380095,187.8707,-93.13669999999999
106.07400000000001,0.0022494376405898524,41.0,2.7208197950512374,0.970336817493396,1.0,4.0,target_70_down_0,"target=70%, down=0s",0.7,0,p3,P3 bucket-flip epsilon=0.05,23,392098,210.4859,-104.41189999999997
106.65900000000002,0.0004998750312421895,54.0,2.9120219945013748,0.9964987120389805,1.0,5.0,target_70_down_0,"target=70%, down=0s",0.7,0,p3,P3 bucket-flip epsilon=0.05,24,396099,237.5504,-130.89139999999998
105.534,0.0022494376405898524,42.0,2.7058235441139713,0.9926944229223869,1.0,4.0,target_70_down_0,"target=70%, down=0s",0.7,0,p3,P3 bucket-flip epsilon=0.05,25,432108,243.09390000000002,-137.55990000000003
107.199,0.0007498125468632841,59.0,2.9020244938765307,0.9636733024430219,1.0,4.0,target_70_down_0,"target=70%, down=0s",0.7,0,p3,P3 bucket-flip epsilon=0.05,26,436109,202.13129999999998,-94.93229999999998
107.19900000000001,0.0014996250937265683,49.0,2.8270432391902025,1.0287438465937129,1.0,5.0,target_70_down_0,"target=70%, down=0s",0.7,0,p3,P3 bucket-flip epsilon=0.05,27,456114,214.68049999999997,-107.48149999999995
97.74900000000001,0.0007498125468632841,41.0,2.6395901024743815,1.0238701843512261,1.0,4.0,target_70_down_0,"target=70%, down=0s",0.7,0,p3,P3 bucket-flip epsilon=0.05,28,492123,203.618,-105.86899999999999
79.25400000000002,0.00024993751562109475,39.0,2.175956010997251,0.854604677482981,1.0,4.0,target_70_down_0,"target=70%, down=0s",0.7,0,p3,P3 bucket-flip epsilon=0.05,29,512128,158.1235,-78.86949999999999
140.139,0.00024993751562109475,23.0,3.8667833041739565,0.6722245932761077,1.0,5.0,target_70_down_300,"target=70%, down=300s",0.7,300,clean,Clean,0,12003,218.3743,-78.2353
116.24400000000001,0.000999750062484379,23.0,3.1282179455136214,0.6969107742968573,1.0,4.0,target_70_down_300,"target=70%, down=300s",0.7,300,clean,Clean,1,28007,193.74349999999998,-77.49949999999997
140.04899999999998,0.000999750062484379,33.0,3.789302674331417,0.8232108597348858,1.0,5.0,target_70_down_300,"target=70%, down=300s",0.7,300,clean,Clean,2,36009,201.1453,-61.096300000000014
115.344,0.0017495626093476631,29.0,3.0282429392651835,0.9558889611451995,1.0,4.0,target_70_down_300,"target=70%, down=300s",0.7,300,clean,Clean,3,56014,199.1798,-83.8358
137.349,0.00024993751562109475,31.0,3.789302674331417,0.7212596514045133,1.0,5.0,target_70_down_300,"target=70%, down=300s",0.7,300,clean,Clean,4,60015,216.89069999999998,-79.54169999999999
144.639,0.00024993751562109475,37.0,3.9917520619845037,0.8671758506914077,1.0,5.0,target_70_down_300,"target=70%, down=300s",0.7,300,clean,Clean,5,76019,207.0815,-62.442499999999995
149.04899999999998,0.00024993751562109475,23.0,4.11422144463884,0.6921563622784609,1.0,5.0,target_70_down_300,"target=70%, down=300s",0.7,300,clean,Clean,6,84021,229.52589999999998,-80.4769
138.969,0.000999750062484379,31.0,3.759310172456886,0.9894741832049929,1.0,5.0,target_70_down_300,"target=70%, down=300s",0.7,300,clean,Clean,7,96024,222.5847,-83.6157
133.74900000000002,0.00024993751562109475,31.0,3.689327668082979,0.9749209994240592,1.0,5.0,target_70_down_300,"target=70%, down=300s",0.7,300,clean,Clean,8,116029,200.50019999999998,-66.75119999999995
137.439,0.0012496875781054736,25.0,3.6918270432391904,0.6400416179908072,1.0,4.0,target_70_down_300,"target=70%, down=300s",0.7,300,clean,Clean,9,120030,198.69279999999998,-61.253799999999984
129.204,0.0012496875781054736,29.0,3.4631342164458885,0.6782979081630635,1.0,4.0,target_70_down_300,"target=70%, down=300s",0.7,300,clean,Clean,10,148037,208.0651,-78.8611
141.264,0.00024993751562109475,31.0,3.8980254936265935,0.7003399041569557,1.0,5.0,target_70_down_300,"target=70%, down=300s",0.7,300,clean,Clean,11,152038,206.97209999999998,-65.70809999999997
129.519,0.00024993751562109475,22.0,3.571857035741065,0.838881305724974,1.0,4.0,target_70_down_300,"target=70%, down=300s",0.7,300,clean,Clean,12,180045,209.81920000000002,-80.30020000000002
142.479,0.00024993751562109475,29.0,3.931767058235441,0.6519101586958252,1.0,5.0,target_70_down_300,"target=70%, down=300s",0.7,300,clean,Clean,13,184046,223.47009999999997,-80.99109999999996
137.349,0.00024993751562109475,19.0,3.789302674331417,0.5002828878478434,1.0,4.0,target_70_down_300,"target=70%, down=300s",0.7,300,clean,Clean,14,192048,203.9013,-66.5523
134.82899999999998,0.00024993751562109475,29.0,3.7193201699575105,0.5620232825898123,1.0,4.0,target_70_down_300,"target=70%, down=300s",0.7,300,clean,Clean,15,224056,214.37720000000002,-79.54820000000004
126.819,0.00024993751562109475,27.0,3.496875781054736,0.6625277360726339,1.0,4.0,target_70_down_300,"target=70%, down=300s",0.7,300,clean,Clean,16,240060,192.58999999999997,-65.77099999999997
116.24400000000001,0.0,20.0,3.2281929517620593,0.6042132821593096,1.0,4.0,target_70_down_300,"target=70%, down=300s",0.7,300,clean,Clean,17,248062,182.12969999999999,-65.88569999999997
127.269,0.00024993751562109475,27.0,3.509372656835791,0.73235274711413,1.0,5.0,target_70_down_300,"target=70%, down=300s",0.7,300,clean,Clean,18,256064,195.54919999999998,-68.28019999999998
115.52400000000002,0.00024993751562109475,27.0,3.1832041989502624,0.6603550661114289,1.0,4.0,target_70_down_300,"target=70%, down=300s",0.7,300,clean,Clean,19,260065,204.02569999999997,-88.50169999999996
128.48399999999998,0.00024993751562109475,27.0,3.5431142214446387,0.6380450014256352,1.0,4.0,target_70_down_300,"target=70%, down=300s",0.7,300,clean,Clean,20,276069,209.8825,-81.39850000000001
109.71900000000002,0.00024993751562109475,19.0,3.0219945013746563,0.6931060683360566,1.0,4.0,target_70_down_300,"target=70%, down=300s",0.7,300,clean,Clean,21,348087,169.67329999999998,-59.95429999999996
117.27900000000002,0.0014996250937265683,29.0,3.1069732566858286,0.6240644977967132,1.0,4.0,target_70_down_300,"target=70%, down=300s",0.7,300,clean,Clean,22,380095,188.1717,-70.89269999999996
130.014,0.0012496875781054736,23.0,3.485628592851787,0.6451758272441935,1.0,4.0,target_70_down_300,"target=70%, down=300s",0.7,300,clean,Clean,23,392098,223.3544,-93.34039999999999
133.88400000000001,0.0,26.0,3.7180704823794053,0.9212945675032306,1.0,5.0,target_70_down_300,"target=70%, down=300s",0.7,300,clean,Clean,24,396099,235.05129999999997,-101.16729999999995
131.724,0.0022494376405898524,26.0,3.433141714571357,0.8392944944117483,1.0,4.0,target_70_down_300,"target=70%, down=300s",0.7,300,clean,Clean,25,432108,224.47140000000002,-92.74740000000003
136.539,0.00024993751562109475,21.0,3.7668082979255186,0.5126327510087271,1.0,4.0,target_70_down_300,"target=70%, down=300s",0.7,300,clean,Clean,26,436109,197.60339999999997,-61.06439999999998
134.244,0.0004998750312421895,25.0,3.67808047988003,0.7209105260188248,1.0,5.0,target_70_down_300,"target=70%, down=300s",0.7,300,clean,Clean,27,456114,186.01019999999997,-51.76619999999997
119.25900000000001,0.00024993751562109475,27.0,3.2869282679330167,0.662225000747722,1.0,4.0,target_70_down_300,"target=70%, down=300s",0.7,300,clean,Clean,28,492123,193.3589,-74.09989999999999
100.17900000000002,0.00024993751562109475,27.0,2.757060734816296,0.674056503950322,1.0,4.0,target_70_down_300,"target=70%, down=300s",0.7,300,clean,Clean,29,512128,166.4776,-66.29859999999998
139.689,0.0007498125468632841,17.0,3.8042989252686827,0.5351354241131954,1.0,4.0,target_70_down_300,"target=70%, down=300s",0.7,300,p1,P1 lag k=10,0,12003,150.3218,-10.632800000000003
123.26400000000001,0.00024993751562109475,27.0,3.398150462384404,0.718371466557811,1.0,4.0,target_70_down_300,"target=70%, down=300s",0.7,300,p1,P1 lag k=10,1,28007,147.01839999999999,-23.754399999999976
151.16400000000002,0.005998500374906273,29.0,3.5981004748812797,0.9092467808439881,1.0,5.0,target_70_down_300,"target=70%, down=300s",0.7,300,p1,P1 lag k=10,2,36009,139.5478,11.61620000000002
120.51899999999999,0.0022494376405898524,25.0,3.121969507623094,1.0004346568838511,1.0,4.0,target_70_down_300,"target=70%, down=300s",0.7,300,p1,P1 lag k=10,3,56014,140.99259999999998,-20.47359999999999
137.61899999999997,0.00024993751562109475,31.0,3.79680079980005,0.7182066606190176,1.0,5.0,target_70_down_300,"target=70%, down=300s",0.7,300,p1,P1 lag k=10,4,60015,154.8906,-17.271600000000035
148.149,0.0032491877030742314,29.0,3.789302674331417,0.7617089263578463,1.0,5.0,target_70_down_300,"target=70%, down=300s",0.7,300,p1,P1 lag k=10,5,76019,150.1882,-2.039199999999994
154.98899999999998,0.00024993751562109475,23.0,4.279180204948763,0.6886003087218049,1.0,5.0,target_70_down_300,"target=70%, down=300s",0.7,300,p1,P1 lag k=10,6,84021,165.3539,-10.364900000000034
158.22899999999998,0.0049987503124218945,39.0,3.894276430892277,0.8694140339195499,1.0,5.0,target_70_down_300,"target=70%, down=300s",0.7,300,p1,P1 lag k=10,7,96024,158.91369999999998,-0.6846999999999923
149.904,0.0032491877030742314,37.0,3.8380404898775304,0.9298098852746572,1.0,5.0,target_70_down_300,"target=70%, down=300s",0.7,300,p1,P1 lag k=10,8,116029,159.9548,-10.05080000000001
150.44400000000002,0.006248437890527368,25.0,3.553111722069483,0.6716607460062166,1.0,4.0,target_70_down_300,"target=70%, down=300s",0.7,300,p1,P1 lag k=10,9,120030,150.09120000000001,0.352800000000002
132.669,0.003749062734316421,29.0,3.309422644338915,0.6577427576137249,1.0,4.0,target_70_down_300,"target=70%, down=300s",0.7,300,p1,P1 lag k=10,10,148037,144.62689999999998,-11.957899999999967
141.219,0.001999500124968758,27.0,3.7218195451137217,0.5807426047180105,1.0,4.0,target_70_down_300,"target=70%, down=300s",0.7,300,p1,P1 lag k=10,11,152038,168.8005,-27.581500000000005
142.389,0.0029992501874531365,30.0,3.654336415896026,0.9380921125311483,1.0,5.0,target_70_down_300,"target=70%, down=300s",0.7,300,p1,P1 lag k=10,12,180045,172.0389,-29.649900000000002
141.219,0.0012496875781054736,25.0,3.79680079980005,0.5107685791275772,1.0,4.0,target_70_down_300,"target=70%, down=300s",0.7,300,p1,P1 lag k=10,13,184046,160.5702,-19.351200000000006
142.07399999999998,0.0017495626093476631,19.0,3.770557360659835,0.5251418577667729,1.0,4.0,target_70_down_300,"target=70%, down=300s",0.7,300,p1,P1 lag k=10,14,192048,172.60879999999997,-30.53479999999999
139.41899999999998,0.00024993751562109475,29.0,3.846788302924269,0.6900371508880828,1.0,5.0,target_70_down_300,"target=70%, down=300s",0.7,300,p1,P1 lag k=10,15,224056,162.52759999999998,-23.108599999999996
132.534,0.0022494376405898524,27.0,3.4556360909772557,0.6888216262058948,1.0,4.0,target_70_down_300,"target=70%, down=300s",0.7,300,p1,P1 lag k=10,16,240060,147.40159999999997,-14.867599999999982
117.50400000000002,0.0004998750312421895,20.0,3.2131967008247937,0.6218433333777055,1.0,4.0,target_70_down_300,"target=70%, down=300s",0.7,300,p1,P1 lag k=10,17,248062,141.0806,-23.576599999999985
125.51400000000001,0.00024993751562109475,23.0,3.4606348412896777,0.6020148597858115,1.0,4.0,target_70_down_300,"target=70%, down=300s",0.7,300,p1,P1 lag k=10,18,256064,140.1241,-14.610099999999989
118.49400000000001,0.00024993751562109475,31.0,3.265683579105224,0.7046420784611875,1.0,4.0,target_70_down_300,"target=70%, down=300s",0.7,300,p1,P1 lag k=10,19,260065,151.7956,-33.30159999999999
133.344,0.0017495626093476631,27.0,3.528117970507373,0.6619381704842939,1.0,4.0,target_70_down_300,"target=70%, down=300s",0.7,300,p1,P1 lag k=10,20,276069,142.89600000000002,-9.552000000000021
112.64400000000002,0.0012496875781054736,23.0,3.0032491877030743,0.7328745894414697,1.0,4.0,target_70_down_300,"target=70%, down=300s",0.7,300,p1,P1 lag k=10,21,348087,113.0954,-0.45139999999997826
121.55400000000002,0.0024993751562109472,29.0,3.1257185703574106,0.6235733147416117,1.0,4.0,target_70_down_300,"target=70%, down=300s",0.7,300,p1,P1 lag k=10,22,380095,131.6652,-10.111199999999982
130.869,0.0017495626093476631,23.0,3.459385153711572,0.6440565345252048,1.0,4.0,target_70_down_300,"target=70%, down=300s",0.7,300,p1,P1 lag k=10,23,392098,162.4286,-31.55959999999999
135.279,0.0004998750312421895,26.0,3.706823294176456,0.9238844843280735,1.0,5.0,target_70_down_300,"target=70%, down=300s",0.7,300,p1,P1 lag k=10,24,396099,177.0731,-41.794100000000014
127.809,0.0022494376405898524,26.0,3.324418895276181,0.8142851487083794,1.0,4.0,target_70_down_300,"target=70%, down=300s",0.7,300,p1,P1 lag k=10,25,432108,160.6234,-32.814400000000006
151.344,0.00424893776555861,21.0,3.778055486128468,0.5212105167970184,1.0,4.0,target_70_down_300,"target=70%, down=300s",0.7,300,p1,P1 lag k=10,26,436109,137.53480000000002,13.809199999999976
143.649,0.0014996250937265683,25.0,3.839290177455636,0.704479824459314,1.0,5.0,target_70_down_300,"target=70%, down=300s",0.7,300,p1,P1 lag k=10,27,456114,144.30899999999997,-0.6599999999999682
133.11900000000003,0.00424893776555861,27.0,3.271932016995751,0.6796462400574652,1.0,4.0,target_70_down_300,"target=70%, down=300s",0.7,300,p1,P1 lag k=10,28,492123,144.2144,-11.095399999999984
105.57900000000002,0.0024993751562109472,23.0,2.6820794801299677,0.5998427476021253,1.0,3.0,target_70_down_300,"target=70%, down=300s",0.7,300,p1,P1 lag k=10,29,512128,125.5334,-19.95439999999998
151.839,0.0034991252186953262,23.0,3.8667833041739565,0.6722245932761077,1.0,5.0,target_70_down_300,"target=70%, down=300s",0.7,300,p2,P2 tail alpha=1.5,0,12003,242.7613,-90.9223
199.94400000000002,0.02424393901524619,23.0,3.1282179455136214,0.6969107742968573,1.0,4.0,target_70_down_300,"target=70%, down=300s",0.7,300,p2,P2 tail alpha=1.5,1,28007,209.0171,-9.073099999999982
165.24900000000002,0.007998000499875032,33.0,3.789302674331417,0.8232108597348858,1.0,5.0,target_70_down_300,"target=70%, down=300s",0.7,300,p2,P2 tail alpha=1.5,2,36009,260.9325,-95.68349999999998
161.244,0.014496375906023495,29.0,3.0282429392651835,0.9558889611451995,1.0,4.0,target_70_down_300,"target=70%, down=300s",0.7,300,p2,P2 tail alpha=1.5,3,56014,233.107,-71.863
175.149,0.010747313171707074,31.0,3.789302674331417,0.7212596514045133,1.0,5.0,target_70_down_300,"target=70%, down=300s",0.7,300,p2,P2 tail alpha=1.5,4,60015,222.0885,-46.93950000000001
174.339,0.00849787553111722,37.0,3.9917520619845037,0.8671758506914077,1.0,5.0,target_70_down_300,"target=70%, down=300s",0.7,300,p2,P2 tail alpha=1.5,5,76019,236.48680000000002,-62.14780000000002
212.949,0.01799550112471882,23.0,4.11422144463884,0.6921563622784609,1.0,5.0,target_70_down_300,"target=70%, down=300s",0.7,300,p2,P2 tail alpha=1.5,6,84021,241.2127,-28.2637
189.369,0.014996250937265684,31.0,3.759310172456886,0.9894741832049929,1.0,5.0,target_70_down_300,"target=70%, down=300s",0.7,300,p2,P2 tail alpha=1.5,7,96024,236.279,-46.91
156.24900000000002,0.006498375406148463,31.0,3.689327668082979,0.9749209994240592,1.0,5.0,target_70_down_300,"target=70%, down=300s",0.7,300,p2,P2 tail alpha=1.5,8,116029,233.46280000000002,-77.21379999999999
162.639,0.008247938015496127,25.0,3.6918270432391904,0.6400416179908072,1.0,4.0,target_70_down_300,"target=70%, down=300s",0.7,300,p2,P2 tail alpha=1.5,9,120030,227.5058,-64.86679999999998
173.304,0.013496625843539115,29.0,3.4631342164458885,0.6782979081630635,1.0,4.0,target_70_down_300,"target=70%, down=300s",0.7,300,p2,P2 tail alpha=1.5,10,148037,202.27280000000002,-28.968800000000016
157.464,0.0047488127968008,31.0,3.8980254936265935,0.7003399041569557,1.0,5.0,target_70_down_300,"target=70%, down=300s",0.7,300,p2,P2 tail alpha=1.5,11,152038,228.8056,-71.3416
172.719,0.012246938265433641,22.0,3.571857035741065,0.838881305724974,1.0,4.0,target_70_down_300,"target=70%, down=300s",0.7,300,p2,P2 tail alpha=1.5,12,180045,250.4106,-77.6916
166.779,0.0069982504373906525,29.0,3.931767058235441,0.6519101586958252,1.0,5.0,target_70_down_300,"target=70%, down=300s",0.7,300,p2,P2 tail alpha=1.5,13,184046,209.8829,-43.10390000000001
143.649,0.001999500124968758,19.0,3.789302674331417,0.5002828878478434,1.0,4.0,target_70_down_300,"target=70%, down=300s",0.7,300,p2,P2 tail alpha=1.5,14,192048,210.01300000000003,-66.36400000000003
187.029,0.01474631342164459,29.0,3.7193201699575105,0.5620232825898123,1.0,4.0,target_70_down_300,"target=70%, down=300s",0.7,300,p2,P2 tail alpha=1.5,15,224056,259.8589,-72.82990000000001
157.41899999999998,0.008747813046738315,27.0,3.496875781054736,0.6625277360726339,1.0,4.0,target_70_down_300,"target=70%, down=300s",0.7,300,p2,P2 tail alpha=1.5,16,240060,221.0752,-63.65620000000001
128.844,0.0034991252186953262,20.0,3.2281929517620593,0.6042132821593096,1.0,4.0,target_70_down_300,"target=70%, down=300s",0.7,300,p2,P2 tail alpha=1.5,17,248062,245.59840000000003,-116.75440000000003
159.66899999999998,0.009247688077980504,27.0,3.509372656835791,0.73235274711413,1.0,5.0,target_70_down_300,"target=70%, down=300s",0.7,300,p2,P2 tail alpha=1.5,18,256064,215.09799999999998,-55.429
132.62400000000002,0.0049987503124218945,27.0,3.1832041989502624,0.6603550661114289,1.0,4.0,target_70_down_300,"target=70%, down=300s",0.7,300,p2,P2 tail alpha=1.5,19,260065,210.40509999999998,-77.78109999999995
145.584,0.0049987503124218945,27.0,3.5431142214446387,0.6380450014256352,1.0,4.0,target_70_down_300,"target=70%, down=300s",0.7,300,p2,P2 tail alpha=1.5,20,276069,235.3126,-89.7286
136.719,0.007748062984253936,19.0,3.0219945013746563,0.6931060683360566,1.0,4.0,target_70_down_300,"target=70%, down=300s",0.7,300,p2,P2 tail alpha=1.5,21,348087,196.62009999999998,-59.901099999999985
170.37900000000002,0.016245938515371157,29.0,3.1069732566858286,0.6240644977967132,1.0,4.0,target_70_down_300,"target=70%, down=300s",0.7,300,p2,P2 tail alpha=1.5,22,380095,173.05129999999997,-2.67229999999995
169.61400000000003,0.012246938265433641,23.0,3.485628592851787,0.6451758272441935,1.0,4.0,target_70_down_300,"target=70%, down=300s",0.7,300,p2,P2 tail alpha=1.5,23,392098,225.1208,-55.50679999999997
168.084,0.0094976255936016,26.0,3.7180704823794053,0.9212945675032306,1.0,5.0,target_70_down_300,"target=70%, down=300s",0.7,300,p2,P2 tail alpha=1.5,24,396099,275.64919999999995,-107.56519999999995
182.12400000000002,0.016245938515371157,26.0,3.433141714571357,0.8392944944117483,1.0,4.0,target_70_down_300,"target=70%, down=300s",0.7,300,p2,P2 tail alpha=1.5,25,432108,245.8986,-63.774599999999964
157.23899999999998,0.005998500374906273,21.0,3.7668082979255186,0.5126327510087271,1.0,4.0,target_70_down_300,"target=70%, down=300s",0.7,300,p2,P2 tail alpha=1.5,26,436109,222.99669999999998,-65.7577
166.644,0.0094976255936016,25.0,3.67808047988003,0.7209105260188248,1.0,5.0,target_70_down_300,"target=70%, down=300s",0.7,300,p2,P2 tail alpha=1.5,27,456114,210.7807,-44.13669999999999
177.75900000000001,0.016495876030992253,27.0,3.2869282679330167,0.662225000747722,1.0,4.0,target_70_down_300,"target=70%, down=300s",0.7,300,p2,P2 tail alpha=1.5,28,492123,214.9373,-37.17829999999998
127.17900000000003,0.007748062984253936,27.0,2.757060734816296,0.674056503950322,1.0,4.0,target_70_down_300,"target=70%, down=300s",0.7,300,p2,P2 tail alpha=1.5,29,512128,152.7912,-25.612199999999973
140.139,0.00024993751562109475,23.0,3.8667833041739565,0.6722245932761077,1.0,5.0,target_70_down_300,"target=70%, down=300s",0.7,300,p3,P3 bucket-flip epsilon=0.05,0,12003,200.841,-60.702
116.24400000000001,0.000999750062484379,23.0,3.1282179455136214,0.6969107742968573,1.0,4.0,target_70_down_300,"target=70%, down=300s",0.7,300,p3,P3 bucket-flip epsilon=0.05,1,28007,198.86919999999998,-82.62519999999996
140.04899999999998,0.000999750062484379,33.0,3.789302674331417,0.8232108597348858,1.0,5.0,target_70_down_300,"target=70%, down=300s",0.7,300,p3,P3 bucket-flip epsilon=0.05,2,36009,214.29749999999996,-74.24849999999998
115.344,0.0017495626093476631,29.0,3.0282429392651835,0.9558889611451995,1.0,4.0,target_70_down_300,"target=70%, down=300s",0.7,300,p3,P3 bucket-flip epsilon=0.05,3,56014,190.3555,-75.01150000000001
137.349,0.00024993751562109475,31.0,3.789302674331417,0.7212596514045133,1.0,5.0,target_70_down_300,"target=70%, down=300s",0.7,300,p3,P3 bucket-flip epsilon=0.05,4,60015,202.20189999999997,-64.85289999999998
144.639,0.00024993751562109475,37.0,3.9917520619845037,0.8671758506914077,1.0,5.0,target_70_down_300,"target=70%, down=300s",0.7,300,p3,P3 bucket-flip epsilon=0.05,5,76019,214.41939999999997,-69.78039999999996
149.04899999999998,0.00024993751562109475,23.0,4.11422144463884,0.6921563622784609,1.0,5.0,target_70_down_300,"target=70%, down=300s",0.7,300,p3,P3 bucket-flip epsilon=0.05,6,84021,237.90949999999998,-88.8605
138.969,0.000999750062484379,31.0,3.759310172456886,0.9894741832049929,1.0,5.0,target_70_down_300,"target=70%, down=300s",0.7,300,p3,P3 bucket-flip epsilon=0.05,7,96024,220.6605,-81.69150000000002
133.74900000000002,0.00024993751562109475,31.0,3.689327668082979,0.9749209994240592,1.0,5.0,target_70_down_300,"target=70%, down=300s",0.7,300,p3,P3 bucket-flip epsilon=0.05,8,116029,217.18059999999997,-83.43159999999995
137.439,0.0012496875781054736,25.0,3.6918270432391904,0.6400416179908072,1.0,4.0,target_70_down_300,"target=70%, down=300s",0.7,300,p3,P3 bucket-flip epsilon=0.05,9,120030,222.3455,-84.9065
129.204,0.0012496875781054736,29.0,3.4631342164458885,0.6782979081630635,1.0,4.0,target_70_down_300,"target=70%, down=300s",0.7,300,p3,P3 bucket-flip epsilon=0.05,10,148037,209.62449999999998,-80.42049999999998
141.264,0.00024993751562109475,31.0,3.8980254936265935,0.7003399041569557,1.0,5.0,target_70_down_300,"target=70%, down=300s",0.7,300,p3,P3 bucket-flip epsilon=0.05,11,152038,233.73909999999995,-92.47509999999994
129.519,0.00024993751562109475,22.0,3.571857035741065,0.838881305724974,1.0,4.0,target_70_down_300,"target=70%, down=300s",0.7,300,p3,P3 bucket-flip epsilon=0.05,12,180045,220.19819999999999,-90.67919999999998
142.479,0.00024993751562109475,29.0,3.931767058235441,0.6519101586958252,1.0,5.0,target_70_down_300,"target=70%, down=300s",0.7,300,p3,P3 bucket-flip epsilon=0.05,13,184046,210.76399999999995,-68.28499999999994
137.349,0.00024993751562109475,19.0,3.789302674331417,0.5002828878478434,1.0,4.0,target_70_down_300,"target=70%, down=300s",0.7,300,p3,P3 bucket-flip epsilon=0.05,14,192048,225.31569999999996,-87.96669999999997
134.82899999999998,0.00024993751562109475,29.0,3.7193201699575105,0.5620232825898123,1.0,4.0,target_70_down_300,"target=70%, down=300s",0.7,300,p3,P3 bucket-flip epsilon=0.05,15,224056,224.80619999999996,-89.97719999999998
126.819,0.00024993751562109475,27.0,3.496875781054736,0.6625277360726339,1.0,4.0,target_70_down_300,"target=70%, down=300s",0.7,300,p3,P3 bucket-flip epsilon=0.05,16,240060,194.10769999999997,-67.28869999999996
116.24400000000001,0.0,20.0,3.2281929517620593,0.6042132821593096,1.0,4.0,target_70_down_300,"target=70%, down=300s",0.7,300,p3,P3 bucket-flip epsilon=0.05,17,248062,185.038,-68.794
127.269,0.00024993751562109475,27.0,3.509372656835791,0.73235274711413,1.0,5.0,target_70_down_300,"target=70%, down=300s",0.7,300,p3,P3 bucket-flip epsilon=0.05,18,256064,220.04359999999997,-92.77459999999996
115.52400000000002,0.00024993751562109475,27.0,3.1832041989502624,0.6603550661114289,1.0,4.0,target_70_down_300,"target=70%, down=300s",0.7,300,p3,P3 bucket-flip epsilon=0.05,19,260065,187.67849999999999,-72.15449999999997
128.48399999999998,0.00024993751562109475,27.0,3.5431142214446387,0.6380450014256352,1.0,4.0,target_70_down_300,"target=70%, down=300s",0.7,300,p3,P3 bucket-flip epsilon=0.05,20,276069,212.84449999999998,-84.3605
109.71900000000002,0.00024993751562109475,19.0,3.0219945013746563,0.6931060683360566,1.0,4.0,target_70_down_300,"target=70%, down=300s",0.7,300,p3,P3 bucket-flip epsilon=0.05,21,348087,177.72899999999998,-68.00999999999996
117.27900000000002,0.0014996250937265683,29.0,3.1069732566858286,0.6240644977967132,1.0,4.0,target_70_down_300,"target=70%, down=300s",0.7,300,p3,P3 bucket-flip epsilon=0.05,22,380095,187.8707,-70.59169999999997
130.014,0.0012496875781054736,23.0,3.485628592851787,0.6451758272441935,1.0,4.0,target_70_down_300,"target=70%, down=300s",0.7,300,p3,P3 bucket-flip epsilon=0.05,23,392098,210.4859,-80.47189999999998
133.88400000000001,0.0,26.0,3.7180704823794053,0.9212945675032306,1.0,5.0,target_70_down_300,"target=70%, down=300s",0.7,300,p3,P3 bucket-flip epsilon=0.05,24,396099,237.5504,-103.66639999999998
131.724,0.0022494376405898524,26.0,3.433141714571357,0.8392944944117483,1.0,4.0,target_70_down_300,"target=70%, down=300s",0.7,300,p3,P3 bucket-flip epsilon=0.05,25,432108,243.09390000000002,-111.36990000000003
136.539,0.00024993751562109475,21.0,3.7668082979255186,0.5126327510087271,1.0,4.0,target_70_down_300,"target=70%, down=300s",0.7,300,p3,P3 bucket-flip epsilon=0.05,26,436109,202.13129999999998,-65.5923
134.244,0.0004998750312421895,25.0,3.67808047988003,0.7209105260188248,1.0,5.0,target_70_down_300,"target=70%, down=300s",0.7,300,p3,P3 bucket-flip epsilon=0.05,27,456114,214.68049999999997,-80.43649999999997
119.25900000000001,0.00024993751562109475,27.0,3.2869282679330167,0.662225000747722,1.0,4.0,target_70_down_300,"target=70%, down=300s",0.7,300,p3,P3 bucket-flip epsilon=0.05,28,492123,203.618,-84.35899999999998
100.17900000000002,0.00024993751562109475,27.0,2.757060734816296,0.674056503950322,1.0,4.0,target_70_down_300,"target=70%, down=300s",0.7,300,p3,P3 bucket-flip epsilon=0.05,29,512128,158.1235,-57.94449999999999
